-- phpMyAdmin SQL Dump
-- version 5.2.1
-- https://www.phpmyadmin.net/
--
-- Host: 127.0.0.1
-- Generation Time: Sep 06, 2023 at 03:59 PM
-- Server version: 10.4.28-MariaDB
-- PHP Version: 8.2.4

SET SQL_MODE = "NO_AUTO_VALUE_ON_ZERO";
START TRANSACTION;
SET time_zone = "+00:00";


/*!40101 SET @OLD_CHARACTER_SET_CLIENT=@@CHARACTER_SET_CLIENT */;
/*!40101 SET @OLD_CHARACTER_SET_RESULTS=@@CHARACTER_SET_RESULTS */;
/*!40101 SET @OLD_COLLATION_CONNECTION=@@COLLATION_CONNECTION */;
/*!40101 SET NAMES utf8mb4 */;

--
-- Database: `partner`
--

-- --------------------------------------------------------

--
-- Table structure for table `admins`
--

CREATE TABLE `admins` (
  `id` bigint(20) UNSIGNED NOT NULL,
  `name` varchar(255) NOT NULL,
  `email` varchar(255) NOT NULL,
  `email_verified_at` timestamp NULL DEFAULT NULL,
  `password` varchar(255) NOT NULL,
  `role` tinyint(4) NOT NULL DEFAULT 0 COMMENT '0: Sub Admin, 1: Super Admin',
  `status` tinyint(4) NOT NULL DEFAULT 1 COMMENT '0: Inactive, 1: Active',
  `remember_token` varchar(100) DEFAULT NULL,
  `created_at` timestamp NULL DEFAULT NULL,
  `updated_at` timestamp NULL DEFAULT NULL
) ENGINE=InnoDB DEFAULT CHARSET=utf8mb4 COLLATE=utf8mb4_unicode_ci;

--
-- Dumping data for table `admins`
--

INSERT INTO `admins` (`id`, `name`, `email`, `email_verified_at`, `password`, `role`, `status`, `remember_token`, `created_at`, `updated_at`) VALUES
(1, 'Mark Zuckerburg', 'admin@lifepartner.com', '2023-09-06 08:53:26', '$2y$10$AmY.NJWAsLsAnBszP7MKwejEQ7S8e/i6.JwCs913aj5M/eQ1qfAnu', 1, 1, NULL, '2023-09-06 08:53:26', '2023-09-06 08:53:26');

-- --------------------------------------------------------

--
-- Table structure for table `chats`
--

CREATE TABLE `chats` (
  `id` bigint(20) UNSIGNED NOT NULL,
  `chat_contact_id` bigint(20) UNSIGNED NOT NULL,
  `sender_id` bigint(20) UNSIGNED NOT NULL,
  `receiver_id` bigint(20) UNSIGNED NOT NULL,
  `message` text DEFAULT NULL,
  `attachment` varchar(255) DEFAULT NULL,
  `is_read` tinyint(4) NOT NULL DEFAULT 0 COMMENT '0=unread, 1=read',
  `is_deleted` tinyint(4) NOT NULL DEFAULT 0 COMMENT '0=not deleted, 1=deleted',
  `created_at` timestamp NULL DEFAULT NULL,
  `updated_at` timestamp NULL DEFAULT NULL
) ENGINE=InnoDB DEFAULT CHARSET=utf8mb4 COLLATE=utf8mb4_unicode_ci;

--
-- Dumping data for table `chats`
--

INSERT INTO `chats` (`id`, `chat_contact_id`, `sender_id`, `receiver_id`, `message`, `attachment`, `is_read`, `is_deleted`, `created_at`, `updated_at`) VALUES
(1, 1, 1, 2, 'hi', NULL, 1, 0, '2023-09-06 04:19:38', '2023-09-06 04:19:38'),
(2, 2, 2, 1, 'Hello', NULL, 1, 0, '2023-09-06 04:20:53', '2023-09-06 04:20:53'),
(3, 1, 1, 2, 'Whats up', NULL, 1, 0, '2023-09-06 04:21:10', '2023-09-06 04:21:10'),
(4, 2, 2, 1, 'Nothing much', NULL, 1, 0, '2023-09-06 04:21:23', '2023-09-06 04:21:23'),
(5, 1, 1, 2, 'Lorem Ipsum', NULL, 1, 0, '2023-09-06 04:48:35', '2023-09-06 04:48:35'),
(6, 2, 2, 1, 'asdkjasdkj', NULL, 1, 0, '2023-09-06 04:48:50', '2023-09-06 04:48:50'),
(7, 1, 1, 2, 'sadjadjb', NULL, 1, 0, '2023-09-06 04:48:54', '2023-09-06 04:48:54'),
(8, 2, 2, 1, 'ajsdjkbasd', NULL, 1, 0, '2023-09-06 04:48:56', '2023-09-06 04:48:56'),
(9, 1, 1, 2, 'asbdjsa', NULL, 1, 0, '2023-09-06 04:49:04', '2023-09-06 04:49:04'),
(10, 2, 2, 1, 'sad', NULL, 1, 0, '2023-09-06 04:49:36', '2023-09-06 04:49:36'),
(11, 1, 1, 2, 'ads', NULL, 1, 0, '2023-09-06 05:11:22', '2023-09-06 05:11:22'),
(12, 2, 2, 1, 'kkk', NULL, 1, 0, '2023-09-06 05:14:12', '2023-09-06 05:14:12'),
(13, 1, 1, 2, 'hsalall', NULL, 1, 0, '2023-09-06 05:33:25', '2023-09-06 05:33:25'),
(14, 2, 2, 1, 'kkklii', NULL, 1, 0, '2023-09-06 05:34:58', '2023-09-06 05:34:58'),
(15, 1, 1, 2, 'asd', NULL, 1, 0, '2023-09-06 05:56:38', '2023-09-06 05:56:38'),
(16, 3, 1, 3, 'asdasd', NULL, 0, 0, '2023-09-06 06:13:41', '2023-09-06 06:13:41'),
(17, 1, 1, 2, 'asdasd', NULL, 1, 0, '2023-09-06 06:13:45', '2023-09-06 06:13:45'),
(18, 4, 1, 6, 'ashdasd', NULL, 0, 0, '2023-09-06 07:16:02', '2023-09-06 07:16:02'),
(19, 4, 1, 6, 'asdkkamd', NULL, 0, 0, '2023-09-06 07:16:04', '2023-09-06 07:16:04'),
(20, 4, 1, 6, 'skdnnklnad', NULL, 0, 0, '2023-09-06 07:16:06', '2023-09-06 07:16:06'),
(21, 4, 1, 6, 'kadklasd', NULL, 0, 0, '2023-09-06 07:16:07', '2023-09-06 07:16:07'),
(22, 4, 1, 6, 'asklsdad', NULL, 0, 0, '2023-09-06 07:16:08', '2023-09-06 07:16:08'),
(23, 1, 1, 2, 'asdasd', NULL, 1, 0, '2023-09-06 07:39:01', '2023-09-06 07:39:01'),
(24, 2, 2, 1, 'sadasd', NULL, 1, 0, '2023-09-06 07:39:21', '2023-09-06 07:39:21'),
(25, 1, 1, 2, 'ad', NULL, 1, 0, '2023-09-06 08:56:20', '2023-09-06 08:56:20');

-- --------------------------------------------------------

--
-- Table structure for table `chat_contacts`
--

CREATE TABLE `chat_contacts` (
  `id` bigint(20) UNSIGNED NOT NULL,
  `sender_id` bigint(20) UNSIGNED NOT NULL,
  `receiver_id` bigint(20) UNSIGNED NOT NULL,
  `is_deleted_sender` tinyint(4) NOT NULL DEFAULT 0 COMMENT '0 = no, 1 = yes',
  `is_deleted_receiver` tinyint(4) NOT NULL DEFAULT 0 COMMENT '0 = no, 1 = yes',
  `created_at` timestamp NULL DEFAULT NULL,
  `updated_at` timestamp NULL DEFAULT NULL
) ENGINE=InnoDB DEFAULT CHARSET=utf8mb4 COLLATE=utf8mb4_unicode_ci;

--
-- Dumping data for table `chat_contacts`
--

INSERT INTO `chat_contacts` (`id`, `sender_id`, `receiver_id`, `is_deleted_sender`, `is_deleted_receiver`, `created_at`, `updated_at`) VALUES
(1, 1, 2, 0, 0, '2023-09-06 04:19:37', '2023-09-06 08:56:20'),
(2, 2, 1, 0, 0, '2023-09-06 04:20:53', '2023-09-06 07:39:21'),
(3, 1, 3, 0, 0, '2023-09-06 06:13:41', '2023-09-06 06:13:41'),
(4, 1, 6, 0, 0, '2023-09-06 07:16:02', '2023-09-06 07:16:08');

-- --------------------------------------------------------

--
-- Table structure for table `failed_jobs`
--

CREATE TABLE `failed_jobs` (
  `id` bigint(20) UNSIGNED NOT NULL,
  `uuid` varchar(255) NOT NULL,
  `connection` text NOT NULL,
  `queue` text NOT NULL,
  `payload` longtext NOT NULL,
  `exception` longtext NOT NULL,
  `failed_at` timestamp NOT NULL DEFAULT current_timestamp()
) ENGINE=InnoDB DEFAULT CHARSET=utf8mb4 COLLATE=utf8mb4_unicode_ci;

-- --------------------------------------------------------

--
-- Table structure for table `jobs`
--

CREATE TABLE `jobs` (
  `id` bigint(20) UNSIGNED NOT NULL,
  `queue` varchar(255) NOT NULL,
  `payload` longtext NOT NULL,
  `attempts` tinyint(3) UNSIGNED NOT NULL,
  `reserved_at` int(10) UNSIGNED DEFAULT NULL,
  `available_at` int(10) UNSIGNED NOT NULL,
  `created_at` int(10) UNSIGNED NOT NULL
) ENGINE=InnoDB DEFAULT CHARSET=utf8mb4 COLLATE=utf8mb4_unicode_ci;

-- --------------------------------------------------------

--
-- Table structure for table `migrations`
--

CREATE TABLE `migrations` (
  `id` int(10) UNSIGNED NOT NULL,
  `migration` varchar(255) NOT NULL,
  `batch` int(11) NOT NULL
) ENGINE=InnoDB DEFAULT CHARSET=utf8mb4 COLLATE=utf8mb4_unicode_ci;

--
-- Dumping data for table `migrations`
--

INSERT INTO `migrations` (`id`, `migration`, `batch`) VALUES
(10, '2023_09_06_082206_create_chat_contacts_table', 1),
(11, '2023_08_29_104102_create_chats_table', 2);

-- --------------------------------------------------------

--
-- Table structure for table `password_resets`
--

CREATE TABLE `password_resets` (
  `email` varchar(255) NOT NULL,
  `token` varchar(255) NOT NULL,
  `created_at` timestamp NULL DEFAULT NULL
) ENGINE=InnoDB DEFAULT CHARSET=utf8mb4 COLLATE=utf8mb4_unicode_ci;

-- --------------------------------------------------------

--
-- Table structure for table `password_reset_tokens`
--

CREATE TABLE `password_reset_tokens` (
  `email` varchar(255) NOT NULL,
  `token` varchar(255) NOT NULL,
  `created_at` timestamp NULL DEFAULT NULL
) ENGINE=InnoDB DEFAULT CHARSET=utf8mb4 COLLATE=utf8mb4_unicode_ci;

-- --------------------------------------------------------

--
-- Table structure for table `personal_access_tokens`
--

CREATE TABLE `personal_access_tokens` (
  `id` bigint(20) UNSIGNED NOT NULL,
  `tokenable_type` varchar(255) NOT NULL,
  `tokenable_id` bigint(20) UNSIGNED NOT NULL,
  `name` varchar(255) NOT NULL,
  `token` varchar(64) NOT NULL,
  `abilities` text DEFAULT NULL,
  `last_used_at` timestamp NULL DEFAULT NULL,
  `expires_at` timestamp NULL DEFAULT NULL,
  `created_at` timestamp NULL DEFAULT NULL,
  `updated_at` timestamp NULL DEFAULT NULL
) ENGINE=InnoDB DEFAULT CHARSET=utf8mb4 COLLATE=utf8mb4_unicode_ci;

-- --------------------------------------------------------

--
-- Table structure for table `profile_change_logs`
--

CREATE TABLE `profile_change_logs` (
  `id` bigint(20) UNSIGNED NOT NULL,
  `user_id` bigint(20) UNSIGNED NOT NULL,
  `profile_data` longtext CHARACTER SET utf8mb4 COLLATE utf8mb4_bin NOT NULL CHECK (json_valid(`profile_data`)),
  `status` enum('pending','approved','rejected') NOT NULL DEFAULT 'pending',
  `created_at` timestamp NULL DEFAULT NULL,
  `updated_at` timestamp NULL DEFAULT NULL
) ENGINE=InnoDB DEFAULT CHARSET=utf8mb4 COLLATE=utf8mb4_unicode_ci;

--
-- Dumping data for table `profile_change_logs`
--

INSERT INTO `profile_change_logs` (`id`, `user_id`, `profile_data`, `status`, `created_at`, `updated_at`) VALUES
(1, 1, '{\"first_name\":null,\"last_name\":null,\"age\":null,\"profile_image\":null,\"email\":\"arslanstack@gmail.com\",\"username\":\"arslanstack\",\"child\":null,\"marital_status\":null,\"gender\":null,\"dob\":null,\"about_me\":null,\"address\":null,\"height\":null,\"weight\":null,\"body_type\":null,\"city\":null,\"state\":null,\"zipcode\":null,\"country\":null,\"latitude\":null,\"longitude\":null}', 'approved', '2023-09-06 03:49:42', '2023-09-06 03:55:49'),
(2, 2, '{\"first_name\":null,\"last_name\":null,\"age\":null,\"profile_image\":null,\"email\":\"backendt10@gmail.com\",\"username\":\"backendt4\",\"child\":null,\"marital_status\":null,\"gender\":null,\"dob\":null,\"about_me\":null,\"address\":null,\"height\":null,\"weight\":null,\"body_type\":null,\"city\":null,\"state\":null,\"zipcode\":null,\"country\":null,\"latitude\":null,\"longitude\":null}', 'approved', '2023-09-06 03:51:11', '2023-09-06 03:55:43');

-- --------------------------------------------------------

--
-- Table structure for table `users`
--

CREATE TABLE `users` (
  `id` bigint(20) UNSIGNED NOT NULL,
  `unique_id` varchar(255) NOT NULL,
  `first_name` varchar(255) DEFAULT NULL,
  `last_name` varchar(255) DEFAULT NULL,
  `username` varchar(255) NOT NULL,
  `email` varchar(255) NOT NULL,
  `password` varchar(255) DEFAULT NULL,
  `email_verified_at` timestamp NULL DEFAULT NULL,
  `iam` varchar(255) DEFAULT NULL,
  `interestedin` varchar(255) DEFAULT NULL,
  `financial_support` tinyint(4) DEFAULT NULL COMMENT '0: I am willing to give financial support, 1: I need financial support',
  `dob` date DEFAULT NULL,
  `age` tinyint(3) UNSIGNED DEFAULT NULL,
  `height` double(5,2) DEFAULT NULL,
  `weight` double(5,2) DEFAULT NULL,
  `body_type` tinyint(4) DEFAULT NULL COMMENT '0: , 1: , 2: , 3:  ',
  `child` int(10) UNSIGNED DEFAULT NULL,
  `city` varchar(255) DEFAULT NULL,
  `state` varchar(255) DEFAULT NULL,
  `zipcode` varchar(255) DEFAULT NULL,
  `country` varchar(255) DEFAULT NULL,
  `address` varchar(255) DEFAULT NULL,
  `timezone` varchar(255) DEFAULT NULL,
  `gender` tinyint(4) DEFAULT NULL COMMENT '0: Male, 1: Female, 2: Transgender',
  `about_me` varchar(255) DEFAULT NULL,
  `latitude` varchar(255) DEFAULT NULL,
  `longitude` varchar(255) DEFAULT NULL,
  `profile_image` varchar(255) DEFAULT NULL,
  `last_login` datetime DEFAULT NULL,
  `membership_type` tinyint(4) DEFAULT NULL COMMENT '0: , 1: , 2: , 3:  ',
  `membership_price` varchar(10) DEFAULT NULL,
  `membership_start` date DEFAULT NULL,
  `membership_end` date DEFAULT NULL,
  `membership_status` tinyint(4) DEFAULT NULL COMMENT '0: Inactive, 1: Active',
  `marital_status` tinyint(4) DEFAULT NULL COMMENT '0: Single, 1: Married',
  `privacy_status` tinyint(4) DEFAULT NULL COMMENT '0: Private, 1: Public',
  `verify_status` tinyint(4) DEFAULT NULL COMMENT '0: Not Verified, 1: Verified',
  `status` tinyint(4) DEFAULT NULL COMMENT '0: Inactive, 1: Active',
  `show_last_login` tinyint(4) DEFAULT NULL COMMENT '0: No, 1: Yes',
  `block_male_msg` tinyint(4) DEFAULT NULL COMMENT '0: No, 1: Yes',
  `block_female_msg` tinyint(4) DEFAULT NULL COMMENT '0: No, 1: Yes',
  `block_trans_msg` tinyint(4) DEFAULT NULL COMMENT '0: No, 1: Yes',
  `block_all_email` tinyint(4) DEFAULT NULL COMMENT '0: No, 1: Yes',
  `block_money_making_opp_email` tinyint(4) DEFAULT NULL COMMENT '0: No, 1: Yes',
  `block_local_event_meet_up_email` tinyint(4) DEFAULT NULL COMMENT '0: No, 1: Yes',
  `block_like_favorite_email` tinyint(4) DEFAULT NULL COMMENT '0: No, 1: Yes',
  `created_at` timestamp NULL DEFAULT NULL,
  `updated_at` timestamp NULL DEFAULT NULL
) ENGINE=InnoDB DEFAULT CHARSET=utf8mb4 COLLATE=utf8mb4_unicode_ci;

--
-- Dumping data for table `users`
--

INSERT INTO `users` (`id`, `unique_id`, `first_name`, `last_name`, `username`, `email`, `password`, `email_verified_at`, `iam`, `interestedin`, `financial_support`, `dob`, `age`, `height`, `weight`, `body_type`, `child`, `city`, `state`, `zipcode`, `country`, `address`, `timezone`, `gender`, `about_me`, `latitude`, `longitude`, `profile_image`, `last_login`, `membership_type`, `membership_price`, `membership_start`, `membership_end`, `membership_status`, `marital_status`, `privacy_status`, `verify_status`, `status`, `show_last_login`, `block_male_msg`, `block_female_msg`, `block_trans_msg`, `block_all_email`, `block_money_making_opp_email`, `block_local_event_meet_up_email`, `block_like_favorite_email`, `created_at`, `updated_at`) VALUES
(1, '1693989845$arslanstack@gmail.com', 'Muhammad', 'Arslan', 'arslanstack', 'arslanstack@gmail.com', '$2y$10$AmY.NJWAsLsAnBszP7MKwejEQ7S8e/i6.JwCs913aj5M/eQ1qfAnu', '2023-09-06 03:44:41', 'Sugar Daddy', 'Sugar Baby', 0, '2000-05-03', 23, 172.00, 70.00, 2, 0, 'Lahore', 'Punjab', '54792', 'Pakistan', 'NETSOL Avenue، Main Ghazi Rd, Khuda Buksh Colony Lahore, Punjab 54792, Pakistan', 'No time zone selected', 0, 'Pues Sabes Que tu carazon contigo, Boom contigo tu hace.', '31.4967647', '74.4221337', '1693990182.jpg', '2023-09-06 12:47:28', 0, 'Free', '2023-09-06', NULL, 0, 0, 1, 1, 1, 1, 0, 0, 0, 0, 0, 0, 0, '2023-09-06 03:44:05', '2023-09-06 07:47:28'),
(2, '1693989900$backendt10@gmail.com', 'Ava', 'Williams', 'backendt4', 'backendt10@gmail.com', '$2y$10$AmY.NJWAsLsAnBszP7MKwejEQ7S8e/i6.JwCs913aj5M/eQ1qfAnu', '2023-09-06 03:48:19', 'Sugar Baby (Mujer/Women)', 'Sugar Daddy', 1, '2000-12-09', 22, 160.00, 57.00, 2, 0, 'Lahore', 'Punjab', NULL, 'Pakistan', 'Keer Khurd Road، Keer Nadirabad, Lahore, Punjab, Pakistan', 'No time zone selected', 1, 'Buro Buro Chantage', '31.4900768', '74.4047497', '1693990271.jpg', '2023-09-06 13:56:33', 0, 'Free', '2023-09-06', NULL, 0, 0, 1, 1, 1, 1, 0, 0, 0, 0, 0, 0, 0, '2023-09-06 03:45:00', '2023-09-06 08:56:33'),
(3, '1693990627$nader.erling@example.org', 'Vida', 'Quigley', 'brock08', 'margot.cronin@example.org', '$2y$10$AmY.NJWAsLsAnBszP7MKwejEQ7S8e/i6.JwCs913aj5M/eQ1qfAnu', '2023-09-06 03:57:08', 'Sugar Baby (Trans)', 'Sugar Baby (Mujer/Women)', 0, '2011-05-29', 56, 193.00, 119.00, 3, 4, 'North Beth', 'Delaware', '23983-2916', 'Greece', '801 Erdman Villages Apt. 684\nLake Mossie, WA 40922-5154', 'America/Managua', 0, 'Voluptatibus occaecati non et enim quia. Accusantium sit velit iste et laudantium dolorem. Natus nam fugit magni non.', '-62.174602', '142.546142', NULL, '2023-09-06 08:57:08', 0, 'Free', '2023-09-06', NULL, 0, 1, 0, 1, 1, 0, 1, 0, 1, 1, 1, 1, 1, '2023-09-06 03:57:30', '2023-09-06 03:57:30'),
(4, '1693990628$tdubuque@example.org', 'Lysanne', 'D\'Amore', 'daniel.shanna', 'vonrueden.colt@example.com', '$2y$10$AmY.NJWAsLsAnBszP7MKwejEQ7S8e/i6.JwCs913aj5M/eQ1qfAnu', '2023-09-06 03:57:08', 'Sugar Daddy Mommy', 'Sugar Baby (Trans)', 0, '2011-09-01', 45, 170.00, 102.00, 3, 0, 'Johnsonville', 'South Dakota', '54767', 'Northern Mariana Islands', '9206 Gwendolyn Stream\nNew Thaliaberg, UT 70310-5698', 'Pacific/Honolulu', 1, 'Veritatis eos enim sint velit ex molestiae quo. Dolores officia ut odio est et aut. Velit quo ullam sunt occaecati.', '-0.004518', '132.638998', NULL, '2023-09-06 08:57:08', 0, 'Free', '2023-09-06', NULL, 0, 0, 1, 1, 1, 0, 1, 1, 0, 0, 0, 1, 0, '2023-09-06 03:57:30', '2023-09-06 03:57:30'),
(6, '1693990628$benedict.nienow@example.org', 'Shanny', 'Muller', 'schmeler.lucious', 'qaufderhar@example.net', '$2y$10$8DxGGXNdjrfdq3NLc1gWdehtGccZ3PlSmn7H3IqYrRl0ZDIS.c0Y2', '2023-09-06 03:57:08', 'Sugar Baby (Mujer/Women)', 'Sugar Baby (Trans)', 1, '1992-12-09', 41, 182.00, 58.00, 3, 3, 'Kayleeberg', 'Nebraska', '79264', 'Western Sahara', '76609 Deborah Way Apt. 517\nSouth Aylin, OH 24276-2598', 'Africa/Accra', 2, 'Porro laudantium atque consequatur libero qui est enim odit. Sit vero cum aliquid. Ipsa dolores et fuga aspernatur vero ipsum. Et ab ducimus iure illum asperiores aut voluptatum.', '-29.310463', '132.202968', NULL, '2023-09-06 08:57:08', 0, 'Free', '2023-09-06', NULL, 0, 1, 0, 1, 1, 1, 1, 1, 0, 1, 0, 0, 0, '2023-09-06 03:57:30', '2023-09-06 03:57:30'),
(7, '1693990628$ruth40@example.org', 'Tatum', 'Donnelly', 'unique80', 'hobart.homenick@example.org', '$2y$10$kjXdixBYJPPeoJ4MClzPkeW.V4YuTrAvBQ/uMsuGMxwD7jjvrNORK', '2023-09-06 03:57:08', 'Sugar Baby', 'Sugar Baby (Mujer/Women)', 0, '2018-05-03', 23, 170.00, 46.00, 2, 6, 'New Kiley', 'Texas', '66608-5360', 'Jamaica', '855 Vickie Lights Suite 320\nNew Avamouth, RI 68610', 'Asia/Tbilisi', 2, 'Veritatis culpa libero aut et est quibusdam. Ad officia id occaecati voluptas sed. Eius aut architecto ut libero omnis recusandae nihil laudantium. Ab aut officiis sint voluptatem quis perspiciatis impedit vero.', '-49.662671', '-105.882381', NULL, '2023-09-06 08:57:08', 0, 'Free', '2023-09-06', NULL, 0, 0, 0, 1, 1, 1, 1, 1, 1, 0, 0, 1, 1, '2023-09-06 03:57:30', '2023-09-06 03:57:30'),
(8, '1693990628$jamie18@example.org', 'Stefanie', 'Hessel', 'ccrooks', 'nola92@example.com', '$2y$10$76g9dGBEHAsw7u7dV6T58enqcsMb.nKYKrfZZSkgEyPsno2XLt4f2', '2023-09-06 03:57:08', 'Sugar Mommy', 'Sugar Baby', 1, '2017-03-03', 43, 200.00, 80.00, 2, 7, 'New Autumn', 'Rhode Island', '96707', 'United Arab Emirates', '21410 Torp Canyon Apt. 667\nLubowitzborough, NJ 41196-4494', 'Asia/Barnaul', 2, 'Sit dolorem itaque nisi voluptatem. Sit cumque vel rerum placeat dolorem veniam. In repellat beatae quia nisi nisi. Aspernatur iure quae et sed.', '21.592302', '-117.854073', NULL, '2023-09-06 08:57:08', 0, 'Free', '2023-09-06', NULL, 0, 0, 0, 1, 1, 0, 0, 1, 0, 0, 1, 1, 1, '2023-09-06 03:57:30', '2023-09-06 03:57:30'),
(9, '1693990628$sbarrows@example.net', 'Nasir', 'Wehner', 'jose21', 'davin.rohan@example.net', '$2y$10$9ytSTi1fTwavtz6c7XaoUukNsHlB4RatmySBZquAuJebgjZsKF3ue', '2023-09-06 03:57:09', 'Sugar Mommy', 'Sugar Baby (Hombre/Man)', 0, '2019-07-24', 66, 190.00, 112.00, 3, 4, 'Lake Eli', 'Indiana', '67363-2033', 'Denmark', '57614 Beier Curve\nOberbrunnerland, MS 76710', 'Africa/El_Aaiun', 1, 'Ab deserunt tenetur eos reprehenderit adipisci. Est odio nulla unde necessitatibus libero quae. Est ut voluptatem sequi nesciunt quia.', '31.285', '34.988842', NULL, '2023-09-06 08:57:09', 0, 'Free', '2023-09-06', NULL, 0, 0, 0, 1, 1, 1, 0, 1, 1, 0, 0, 0, 0, '2023-09-06 03:57:30', '2023-09-06 03:57:30'),
(10, '1693990629$eulah07@example.com', 'Gilberto', 'Gutmann', 'aglae40', 'uadams@example.com', '$2y$10$XMjH/eM9Wq9f8mXkKNUziOi/O8VoBuUBmqHtsDkVYyagYRBOQLNgC', '2023-09-06 03:57:09', 'Sugar Mommy', 'Sugar Baby', 1, '1971-03-07', 23, 156.00, 124.00, 2, 2, 'North Zack', 'Alabama', '13979-9479', 'Guyana', '39238 Hoyt Gardens\nEinoburgh, KS 13227', 'America/Indiana/Vincennes', 2, 'Incidunt occaecati amet perspiciatis delectus. Est et ab mollitia corporis optio consequatur omnis dolor. Rerum repudiandae deleniti et aut. Dolorem vitae facere aut. Optio facilis quo rerum fuga.', '28.848069', '-162.407781', NULL, '2023-09-06 08:57:09', 0, 'Free', '2023-09-06', NULL, 0, 1, 0, 1, 1, 0, 0, 1, 0, 1, 1, 0, 1, '2023-09-06 03:57:30', '2023-09-06 03:57:30'),
(11, '1693990629$ashtyn.kuhlman@example.org', 'Haven', 'Legros', 'ypfeffer', 'hal.lang@example.org', '$2y$10$Wq4KHhPpjUQvEqx0FL5Jwu7Zk4.mm/ejd5dLw9RPT7MIrBufz7sjy', '2023-09-06 03:57:09', 'Sugar Daddy', 'Sugar Daddy Mommy', 0, '1975-02-12', 28, 169.00, 74.00, 3, 3, 'Koeppberg', 'Georgia', '68607-1036', 'Bahamas', '29566 Kaden Ville Suite 124\nNew Pearlberg, MA 61119', 'Africa/Bangui', 1, 'Dolorem similique autem molestiae. Et vero ut aliquid facere. Delectus dignissimos voluptates quia itaque quam expedita beatae.', '-58.262524', '68.289286', NULL, '2023-09-06 08:57:09', 0, 'Free', '2023-09-06', NULL, 0, 1, 0, 1, 1, 0, 1, 1, 1, 0, 1, 1, 1, '2023-09-06 03:57:31', '2023-09-06 03:57:31'),
(12, '1693990629$hoppe.jean@example.org', 'Dora', 'Boehm', 'einar.schamberger', 'lorena30@example.com', '$2y$10$62UZyntnmPjyoT7292W8BunZJHeFtlN6Z44PRAYdKSkbuNmLoVvaG', '2023-09-06 03:57:09', 'Sugar Daddy Mommy', 'Sugar Mommy', 0, '2002-06-30', 44, 183.00, 145.00, 2, 5, 'East Rylantown', 'Missouri', '79299', 'Iraq', '9342 Adrianna Flats Apt. 525\nNorth Eula, CA 10256', 'Europe/Budapest', 1, 'Voluptatem est deleniti et fuga laboriosam aut eos. Dolorum rerum minima magnam neque ut. Quibusdam et est vel.', '32.603473', '-166.431796', NULL, '2023-09-06 08:57:09', 0, 'Free', '2023-09-06', NULL, 0, 1, 0, 1, 1, 0, 0, 0, 1, 1, 0, 1, 0, '2023-09-06 03:57:31', '2023-09-06 03:57:31'),
(13, '1693990629$brennan41@example.org', 'Brendan', 'Reinger', 'anderson.adah', 'carmelo45@example.com', '$2y$10$9.z4udd3wDjbc9wbV9BHMuuEbmyOL4t3GgHQ7895Yik4iJySH5M7e', '2023-09-06 03:57:09', 'Sugar Baby', 'Sugar Daddy', 1, '1978-11-11', 56, 157.00, 116.00, 1, 1, 'Bergstrombury', 'New Hampshire', '75877', 'Bermuda', '892 Audie Motorway Apt. 402\nEast Granville, ND 76113-7145', 'America/Argentina/Mendoza', 1, 'Quaerat quod occaecati odio velit et nemo dignissimos est. Est autem eum numquam cum facere doloribus sit. Recusandae iste enim iusto aspernatur qui culpa tempore. Esse numquam et fuga minus atque quod facere accusantium.', '-55.293082', '54.530636', NULL, '2023-09-06 08:57:09', 0, 'Free', '2023-09-06', NULL, 0, 0, 1, 1, 1, 0, 0, 0, 1, 0, 1, 0, 1, '2023-09-06 03:57:31', '2023-09-06 03:57:31'),
(14, '1693990629$santiago72@example.com', 'Clark', 'Bartoletti', 'demario26', 'pbrown@example.com', '$2y$10$5ivVWwYx8VkKtkTupp.QQ.LiZ/Z83sdcY/MqxbpIfaC66ZYd9CVFm', '2023-09-06 03:57:09', 'Sugar Mommy', 'Sugar Daddy Mommy', 0, '1995-08-02', 62, 153.00, 76.00, 1, 5, 'East Bellamouth', 'Georgia', '49961', 'Bangladesh', '5616 O\'Keefe Points\nSouth Birdiefurt, ND 01414', 'Asia/Yerevan', 2, 'Repellendus id minus qui mollitia perferendis sunt. Numquam nisi quas eligendi facere eius. Deserunt id eveniet veritatis reiciendis ut.', '-25.486853', '-123.74082', NULL, '2023-09-06 08:57:09', 0, 'Free', '2023-09-06', NULL, 0, 1, 1, 1, 1, 1, 1, 0, 1, 1, 1, 1, 0, '2023-09-06 03:57:31', '2023-09-06 03:57:31'),
(16, '1693990629$elmore.thompson@example.com', 'Kenyon', 'Schowalter', 'claude.abernathy', 'mclaughlin.chanelle@example.com', '$2y$10$YUzzsgIj.GgihzRpmmMqPOtbcH/B6hHrUX92UiUj7V7DWa4KnVOs6', '2023-09-06 03:57:09', 'Sugar Baby', 'Sugar Baby (Hombre/Man)', 0, '2017-04-13', 33, 152.00, 71.00, 1, 7, 'South Kareemchester', 'Nevada', '55152', 'Slovakia (Slovak Republic)', '312 Jamarcus Turnpike\nLake Ezraburgh, CO 72691-5125', 'America/Argentina/Salta', 0, 'Hic distinctio sint autem. Aut quia consequatur sit voluptatum et quia tempore. Optio et accusantium dolores ipsa accusantium sunt reiciendis.', '58.657623', '116.503873', NULL, '2023-09-06 08:57:09', 0, 'Free', '2023-09-06', NULL, 0, 1, 1, 1, 1, 0, 0, 0, 0, 1, 0, 1, 0, '2023-09-06 03:57:31', '2023-09-06 03:57:31'),
(17, '1693990629$jules40@example.net', 'Lavonne', 'Kirlin', 'kelli.schimmel', 'hirthe.schuyler@example.net', '$2y$10$IPQc.HUak76d8Y5ibx5neuqeRIu/wdLArd6/hprCYK7gs5WXQO/Em', '2023-09-06 03:57:09', 'Sugar Daddy Mommy', 'Sugar Baby (Hombre/Man)', 1, '2004-03-04', 45, 198.00, 105.00, 2, 6, 'Ellisberg', 'Washington', '13497-1737', 'Denmark', '407 Wilmer Lane Suite 580\nCorwinmouth, MD 08295', 'America/Aruba', 2, 'Facilis voluptas eos nulla dolorem possimus. Veniam molestiae sint ratione ea quas omnis recusandae quia. Saepe rerum asperiores et hic unde adipisci.', '63.536782', '-86.626992', NULL, '2023-09-06 08:57:09', 0, 'Free', '2023-09-06', NULL, 0, 1, 1, 1, 1, 1, 1, 1, 0, 0, 1, 0, 1, '2023-09-06 03:57:31', '2023-09-06 03:57:31'),
(18, '1693990629$preilly@example.com', 'Mona', 'Satterfield', 'alexa54', 'mina36@example.org', '$2y$10$LvPpibbKIV3SQYSOiPtOX.aV7DCOOMjGp0BddpygQwijagJNpVzCq', '2023-09-06 03:57:09', 'Sugar Baby (Hombre/Man)', 'Sugar Daddy', 1, '1971-04-21', 43, 162.00, 113.00, 0, 7, 'Yazminbury', 'Idaho', '35344-6261', 'Mexico', '9349 VonRueden Highway\nLuciusmouth, NC 43628', 'Africa/Maputo', 1, 'Illo recusandae omnis ut ad ut assumenda. Deserunt tempore accusamus beatae magnam quia natus. Occaecati dignissimos architecto iste illum velit iure nesciunt. Sed ex quae natus quidem.', '64.149977', '-91.79046', NULL, '2023-09-06 08:57:09', 0, 'Free', '2023-09-06', NULL, 0, 1, 0, 1, 1, 1, 0, 0, 0, 0, 1, 1, 1, '2023-09-06 03:57:31', '2023-09-06 03:57:31'),
(19, '1693990678$hans.ondricka@example.org', 'Carolanne', 'Hoppe', 'kledner', 'smitham.tia@example.org', '$2y$10$MaYtmJJF8rrOe1ipVInE9uztm4/rT2QR.4POfYR9LU3tkEV6r7TA6', '2023-09-06 03:57:58', 'Sugar Mommy', 'Sugar Daddy Mommy', 1, '2010-11-14', 19, 155.00, 50.00, 3, 7, 'Lilaborough', 'New Hampshire', '71767', 'Singapore', '4361 Sarina Island\nLake Wendellshire, PA 17243-2171', 'Europe/Athens', 2, 'Itaque quidem totam et. Est iure quos fugiat est quaerat necessitatibus. Accusamus nihil quaerat distinctio sunt enim est earum. Quaerat repudiandae consequatur sit.', '-59.927302', '169.998036', NULL, '2023-09-06 08:57:58', 0, 'Free', '2023-09-06', NULL, 0, 1, 0, 1, 1, 1, 1, 0, 1, 0, 0, 0, 1, '2023-09-06 03:58:19', '2023-09-06 03:58:19'),
(20, '1693990678$name12@example.com', 'Nya', 'Anderson', 'rodriguez.linnie', 'jada.shanahan@example.org', '$2y$10$7ixME5MSl.Q7kKFJju1QI.arOjkclE7HVKgWNGIc1QKdlZ5udASbu', '2023-09-06 03:57:58', 'Sugar Daddy Mommy', 'Sugar Baby (Trans)', 0, '2009-07-10', 33, 168.00, 75.00, 0, 2, 'Leonefurt', 'North Dakota', '86885', 'El Salvador', '304 Kutch Radial\nEast Sasha, LA 44830', 'Asia/Barnaul', 1, 'Non aut dolorem ducimus doloremque veniam. Cupiditate et molestias numquam saepe voluptatem. In explicabo doloribus nihil deserunt assumenda.', '-34.479544', '-10.669218', NULL, '2023-09-06 08:57:58', 0, 'Free', '2023-09-06', NULL, 0, 0, 1, 1, 1, 1, 1, 1, 1, 0, 0, 1, 0, '2023-09-06 03:58:19', '2023-09-06 03:58:19'),
(21, '1693990678$clarabelle.kuhn@example.net', 'Fredy', 'Champlin', 'hilario48', 'sreichert@example.com', '$2y$10$fZwrC1TsLc.MUQnuK.sue.oIMaUvUL51d3o8VLJHS8tDoW73a6UKi', '2023-09-06 03:57:58', 'Sugar Baby (Trans)', 'Sugar Daddy', 1, '2005-09-28', 46, 179.00, 42.00, 0, 4, 'South Luluport', 'Alabama', '26180', 'Antarctica (the territory South of 60 deg S)', '5094 Yoshiko Via Suite 916\nProsaccotown, NC 06911-6377', 'America/Chihuahua', 0, 'Nobis illum quia fugit. Animi sint eaque id nisi atque. Sit enim consequuntur soluta aut nemo earum voluptas.', '-54.005811', '159.353771', NULL, '2023-09-06 08:57:58', 0, 'Free', '2023-09-06', NULL, 0, 1, 1, 1, 1, 0, 1, 0, 1, 1, 0, 1, 0, '2023-09-06 03:58:19', '2023-09-06 03:58:19'),
(22, '1693990678$larson.sandy@example.org', 'Kaylah', 'Hintz', 'davin11', 'kassulke.weldon@example.net', '$2y$10$Ui0hfYH08Lc44hlPQ9m9t.a0L4wpCZL6.jRux/F3AmXAK7BGYJt56', '2023-09-06 03:57:58', 'Sugar Daddy', 'Sugar Daddy Mommy', 0, '1996-12-23', 19, 151.00, 111.00, 2, 8, 'Micahside', 'Maryland', '56311-2847', 'Montenegro', '199 Dickens Manors\nGreenholtport, TX 65231-3900', 'America/Panama', 1, 'Soluta velit aliquam saepe modi perferendis eius. Velit laborum expedita quia molestiae. Vel quia dolor nobis saepe voluptas cum quis.', '-74.313844', '31.021069', NULL, '2023-09-06 08:57:58', 0, 'Free', '2023-09-06', NULL, 0, 0, 1, 1, 1, 1, 0, 1, 0, 1, 0, 1, 0, '2023-09-06 03:58:19', '2023-09-06 03:58:19'),
(23, '1693990678$vtremblay@example.net', 'Giovani', 'Corkery', 'llegros', 'ghamill@example.org', '$2y$10$UHQ8fTqeATJGgO70IheAFeLdGlXqEET1Xc7BRT0oiPQBKby.dIifK', '2023-09-06 03:57:59', 'Sugar Mommy', 'Sugar Baby (Trans)', 1, '1991-04-20', 50, 158.00, 105.00, 2, 6, 'Port Busterberg', 'Mississippi', '77044', 'Thailand', '544 Wehner Shore\nStephanychester, IA 59324', 'Pacific/Wake', 1, 'Et nobis repellat sit ex accusantium. Esse non esse qui beatae doloremque itaque est. Alias laudantium quia sunt. Laboriosam et eos beatae aut et excepturi neque.', '-18.886123', '-115.757002', NULL, '2023-09-06 08:57:59', 0, 'Free', '2023-09-06', NULL, 0, 1, 1, 1, 1, 0, 1, 0, 0, 0, 1, 0, 1, '2023-09-06 03:58:19', '2023-09-06 03:58:19'),
(24, '1693990679$hoppe.elliott@example.net', 'Crystel', 'Kozey', 'damian.torphy', 'randi.rohan@example.net', '$2y$10$ZLY9D7zswGVC1gqoPgGI3uKuyGx28kEAr5eaSBQ2LYJII0f23quEi', '2023-09-06 03:57:59', 'Sugar Baby', 'Sugar Baby (Hombre/Man)', 0, '2002-08-01', 18, 175.00, 116.00, 0, 8, 'Linaburgh', 'Louisiana', '72396-0596', 'Wallis and Futuna', '9584 Hermina Spur\nEbertville, LA 50624-9292', 'America/Costa_Rica', 1, 'Sapiente voluptatum adipisci dignissimos temporibus corporis totam repellat porro. Ipsum quo pariatur quo quia culpa excepturi dolores itaque. Et suscipit exercitationem dolores officiis dolorum. Voluptatem aliquam odit occaecati quaerat.', '11.415513', '85.315974', NULL, '2023-09-06 08:57:59', 0, 'Free', '2023-09-06', NULL, 0, 0, 0, 1, 1, 1, 1, 0, 1, 1, 1, 0, 0, '2023-09-06 03:58:19', '2023-09-06 03:58:19'),
(25, '1693990679$considine.natalia@example.net', 'Danika', 'Bergnaum', 'jaida.schuppe', 'chadrick75@example.org', '$2y$10$E8vd6r/AAGN9Zv0V3DuZWuC1NpoBU3PdeNEvpjEtkpIMbha9qlpqG', '2023-09-06 03:57:59', 'Sugar Daddy', 'Sugar Daddy', 0, '1998-05-20', 18, 154.00, 52.00, 2, 5, 'Schneiderside', 'Iowa', '42214', 'Uzbekistan', '4509 Yesenia Ports Apt. 423\nLake Josie, VA 30211', 'America/Managua', 1, 'Nulla veritatis velit harum saepe nihil deserunt. Ratione laborum aut ea omnis occaecati ad repellat.', '-42.921135', '-71.485599', NULL, '2023-09-06 08:57:59', 0, 'Free', '2023-09-06', NULL, 0, 1, 1, 1, 1, 1, 0, 0, 0, 0, 0, 1, 0, '2023-09-06 03:58:19', '2023-09-06 03:58:19'),
(26, '1693990679$gisselle47@example.net', 'Tyler', 'Kunze', 'oswald82', 'eokuneva@example.org', '$2y$10$tNlCFBIQmAT0Ri21hfJ7buVskoOQMHrsVyoHb06xTg21dGf05Nm96', '2023-09-06 03:57:59', 'Sugar Baby (Trans)', 'Sugar Daddy', 1, '1971-06-29', 64, 180.00, 98.00, 1, 3, 'Asiashire', 'Arizona', '31168', 'Indonesia', '1684 Margie Highway\nPearlbury, DC 01722-3620', 'Africa/Maputo', 2, 'Accusantium quo rem beatae enim aut. Atque ea et dolorem quas minus necessitatibus. Impedit voluptatem eum quo blanditiis illum. Sit ipsum sequi ab facere.', '-14.550761', '-31.668138', NULL, '2023-09-06 08:57:59', 0, 'Free', '2023-09-06', NULL, 0, 0, 0, 1, 1, 1, 1, 0, 1, 0, 0, 0, 1, '2023-09-06 03:58:19', '2023-09-06 03:58:19'),
(27, '1693990679$kareem07@example.org', 'Erin', 'Marks', 'orpha.huel', 'destany.abshire@example.com', '$2y$10$od2p8LTuiY9Cqwqps2DNvO109wdb/w8Bb9sCW5yAYAX/wKSuCXvFG', '2023-09-06 03:57:59', 'Sugar Baby', 'Sugar Mommy', 0, '2022-10-02', 26, 198.00, 80.00, 2, 4, 'Thoraville', 'Maryland', '68282', 'Tokelau', '6301 Schowalter Glen Apt. 694\nParkerchester, IA 43312-2965', 'Asia/Samarkand', 1, 'Aliquid qui praesentium quos. Iste sit aut dolor ex eius quaerat. Numquam qui sit maiores vitae.', '43.582504', '-139.646055', NULL, '2023-09-06 08:57:59', 0, 'Free', '2023-09-06', NULL, 0, 1, 1, 1, 1, 0, 1, 0, 0, 1, 1, 0, 0, '2023-09-06 03:58:19', '2023-09-06 03:58:19'),
(28, '1693990679$dax.macejkovic@example.org', 'Maximillia', 'Dicki', 'nboehm', 'juanita.runte@example.org', '$2y$10$NlDtLHAlACpozH657iw0Me1ge4wmMsq1wPd2jAC8LO/T17A7VX55S', '2023-09-06 03:57:59', 'Sugar Baby', 'Sugar Mommy', 1, '2020-10-16', 34, 195.00, 50.00, 1, 7, 'Port Lempimouth', 'Hawaii', '57861', 'Peru', '7183 Isabel Skyway\nLake Brandt, LA 19256-7783', 'Pacific/Tongatapu', 1, 'Est consequatur pariatur ipsum dolorem. Illum qui omnis debitis asperiores atque repellendus maxime. Delectus quia eos error deserunt iusto architecto quo.', '-55.446471', '-128.343558', NULL, '2023-09-06 08:57:59', 0, 'Free', '2023-09-06', NULL, 0, 1, 1, 1, 1, 0, 1, 0, 1, 0, 1, 1, 0, '2023-09-06 03:58:19', '2023-09-06 03:58:19'),
(29, '1693990679$gussie72@example.com', 'Einar', 'Weimann', 'chyna50', 'rossie47@example.net', '$2y$10$8pXhbckAbNcW2WMl.20Gg.IIJmaVccElKN82wk0RJ5jBX7hrZNf/G', '2023-09-06 03:57:59', 'Sugar Baby (Hombre/Man)', 'Sugar Baby (Hombre/Man)', 1, '1997-08-01', 62, 191.00, 134.00, 1, 0, 'Jaskolskiton', 'Washington', '53399-0617', 'Thailand', '16400 Gleichner Inlet Apt. 165\nEast Maudbury, ID 24576-2783', 'Europe/Prague', 1, 'Veritatis quis optio illum aut. Magni aut aut minus est aut. Saepe tempora corporis quas neque aut velit aut.', '-9.079812', '86.209348', NULL, '2023-09-06 08:57:59', 0, 'Free', '2023-09-06', NULL, 0, 1, 1, 1, 1, 0, 0, 0, 0, 0, 0, 0, 1, '2023-09-06 03:58:19', '2023-09-06 03:58:19'),
(30, '1693990679$uokeefe@example.net', 'Lilian', 'McKenzie', 'brown.nella', 'diamond44@example.com', '$2y$10$3jYmfOg9N63f6eC3VPZ9SuvseY8/DMJ2ErBkKSJ8XpF2JFS6rvXua', '2023-09-06 03:57:59', 'Sugar Baby (Mujer/Women)', 'Sugar Daddy', 1, '1998-03-20', 42, 167.00, 120.00, 1, 2, 'Jaststad', 'New Jersey', '21767-5972', 'Central African Republic', '56204 Bednar Lake\nWalkerview, IA 43210', 'America/Scoresbysund', 0, 'Consequatur dolor aut labore omnis culpa eum occaecati. Porro numquam quasi quae rerum ipsum veniam. Commodi a quos est. Quae cumque et iure vel eos illo et.', '-29.674771', '141.806239', NULL, '2023-09-06 08:57:59', 0, 'Free', '2023-09-06', NULL, 0, 1, 1, 1, 1, 1, 0, 0, 0, 1, 0, 0, 1, '2023-09-06 03:58:19', '2023-09-06 03:58:19'),
(31, '1693990679$arnoldo.rolfson@example.net', 'Beth', 'Ernser', 'jude.schultz', 'britney46@example.com', '$2y$10$Vj39mF3s88sJlvsDsQJkS.SNhnQdg5nevofvXI4ZL2HjTAWZ61nj.', '2023-09-06 03:57:59', 'Sugar Baby', 'Sugar Mommy', 1, '1997-10-23', 22, 199.00, 122.00, 3, 0, 'Onaborough', 'Oklahoma', '50358-4720', 'Isle of Man', '44196 Gunner Shoals Apt. 032\nEast Derek, AZ 13790', 'America/Port_of_Spain', 2, 'Nihil ullam quia ratione dolor. Libero quia aut rerum nostrum laboriosam nemo. Illum qui vel repellat aut quia. Corporis magni soluta quis et.', '-7.278531', '11.137838', NULL, '2023-09-06 08:57:59', 0, 'Free', '2023-09-06', NULL, 0, 1, 1, 1, 1, 0, 0, 0, 0, 0, 0, 1, 0, '2023-09-06 03:58:19', '2023-09-06 03:58:19'),
(32, '1693990680$taya75@example.org', 'Emerson', 'Bogisich', 'mschultz', 'vivien26@example.net', '$2y$10$hDgkMq0iknKIbCcK1EJA6Ocy5qZU/Y2/WRxhHFmxcgzhd484s85o.', '2023-09-06 03:58:00', 'Sugar Mommy', 'Sugar Daddy', 0, '1970-07-02', 35, 191.00, 121.00, 1, 5, 'Treutelstad', 'Maine', '68030', 'Yemen', '967 Jacobs Harbors Apt. 836\nReichertmouth, CO 30434-9406', 'America/Creston', 0, 'Temporibus vero dolorem ratione praesentium ullam. Quas commodi pariatur vel. Quo dolorum fugiat voluptatem ipsa aspernatur aut. Ut tenetur quos similique.', '-71.42933', '-10.954056', NULL, '2023-09-06 08:58:00', 0, 'Free', '2023-09-06', NULL, 0, 1, 1, 1, 1, 1, 1, 1, 0, 0, 1, 0, 0, '2023-09-06 03:58:20', '2023-09-06 03:58:20'),
(33, '1693990680$christa81@example.com', 'Irma', 'Schowalter', 'rutherford.felicia', 'wiegand.cody@example.com', '$2y$10$OlGwY6/oCt6xxWPk55XCyOpslUT2f1Oo3ri2mbguBhsqak5x3zadO', '2023-09-06 03:58:00', 'Sugar Baby', 'Sugar Baby (Trans)', 1, '2002-11-18', 41, 159.00, 63.00, 2, 8, 'Eloisemouth', 'Arizona', '21516', 'Argentina', '872 Wiegand Fork Apt. 148\nNew Alfredo, LA 45063', 'America/Chihuahua', 1, 'Velit distinctio nobis ipsam qui et autem. Recusandae occaecati qui nobis rerum nam sed.', '24.90003', '-144.960035', NULL, '2023-09-06 08:58:00', 0, 'Free', '2023-09-06', NULL, 0, 1, 1, 1, 1, 1, 0, 0, 1, 1, 1, 0, 0, '2023-09-06 03:58:20', '2023-09-06 03:58:20'),
(34, '1693990680$alejandrin84@example.net', 'Felix', 'Howe', 'roxanne10', 'heathcote.tyrique@example.org', '$2y$10$jt2yrFHvG3AoqTPRpF6ua.rcS3yv0VIN1I8KAXtCVul2Jkj3SBs5G', '2023-09-06 03:58:00', 'Sugar Baby (Mujer/Women)', 'Sugar Baby (Trans)', 1, '1977-03-21', 33, 188.00, 56.00, 0, 5, 'Muellerbury', 'Iowa', '87398-2297', 'Oman', '4478 Hessel Divide Suite 502\nPort Savannachester, AK 36294-9713', 'Pacific/Wake', 2, 'Dolor quia ut ab minima quidem. Accusamus maxime et atque commodi rerum ipsam. Amet dolore corrupti sint magni ut aut quasi qui.', '50.213506', '-44.955946', NULL, '2023-09-06 08:58:00', 0, 'Free', '2023-09-06', NULL, 0, 0, 0, 1, 1, 0, 0, 1, 0, 1, 0, 0, 0, '2023-09-06 03:58:20', '2023-09-06 03:58:20'),
(35, '1693990680$barney65@example.org', 'Brooklyn', 'Torphy', 'raynor.suzanne', 'hreilly@example.org', '$2y$10$w0GveZnCs/7ZtA8.M4lakO/gOhqUyI/sFsA2TNpjP1HMhupla190G', '2023-09-06 03:58:00', 'Sugar Daddy', 'Sugar Mommy', 1, '2020-10-09', 61, 155.00, 138.00, 1, 5, 'West Mireya', 'New Jersey', '37199', 'United Arab Emirates', '5826 Davis Lodge\nPourosfurt, IL 41476-5770', 'Africa/Monrovia', 1, 'Libero iusto corporis quam ratione. Illo ut esse aut. Dolore adipisci rerum nostrum eos praesentium. Tempore porro laudantium maiores vel ut.', '44.367657', '-3.754161', NULL, '2023-09-06 08:58:00', 0, 'Free', '2023-09-06', NULL, 0, 0, 1, 1, 1, 0, 0, 1, 1, 1, 1, 1, 1, '2023-09-06 03:58:20', '2023-09-06 03:58:20'),
(36, '1693990680$icummerata@example.net', 'Delphia', 'McClure', 'ncassin', 'kunze.bruce@example.net', '$2y$10$ZZLpamYvq5tasL2I/p6v9.rCBPRC.fuwnVJ8Wy9XqYSLsWvdCo/AS', '2023-09-06 03:58:00', 'Sugar Mommy', 'Sugar Baby (Hombre/Man)', 0, '1991-08-19', 54, 150.00, 81.00, 3, 2, 'Lake Laron', 'New Mexico', '61640', 'Poland', '31129 Martina Street\nSantinafort, VA 87299-7993', 'Asia/Dushanbe', 0, 'Repellat magnam qui natus quidem exercitationem. Accusamus harum commodi in eligendi quos. Quis enim qui ipsam et. Fugit distinctio quia vel est.', '-38.037127', '-58.07953', NULL, '2023-09-06 08:58:00', 0, 'Free', '2023-09-06', NULL, 0, 1, 1, 1, 1, 1, 0, 0, 0, 1, 1, 1, 0, '2023-09-06 03:58:20', '2023-09-06 03:58:20'),
(37, '1693990680$lakin.natalia@example.com', 'Vicente', 'Franecki', 'romaine23', 'nickolas55@example.com', '$2y$10$QXOWQmkm19jjG.EIfYugDOG6Wow40nbrOgn.YIVcmDagBil5cJJTO', '2023-09-06 03:58:00', 'Sugar Baby', 'Sugar Baby (Hombre/Man)', 0, '1978-08-02', 38, 170.00, 117.00, 0, 4, 'New Daphneyport', 'Ohio', '26064', 'Sri Lanka', '99968 Hyatt Shore Apt. 180\nTreverhaven, UT 06119', 'America/Winnipeg', 0, 'In iste amet quia ut et. Aut iusto et quia minima qui autem est.', '30.005964', '144.283008', NULL, '2023-09-06 08:58:00', 0, 'Free', '2023-09-06', NULL, 0, 0, 0, 1, 1, 0, 1, 1, 0, 0, 0, 1, 1, '2023-09-06 03:58:20', '2023-09-06 03:58:20'),
(38, '1693990680$rodolfo.stehr@example.org', 'Noel', 'Bauch', 'isai10', 'wanda.purdy@example.com', '$2y$10$fpQZb1acg9TDwrsW/gGiwuKOkOh.jWR0wJiy6J7SpxxEYj1G6PzyS', '2023-09-06 03:58:00', 'Sugar Mommy', 'Sugar Baby (Mujer/Women)', 1, '1970-01-17', 29, 190.00, 95.00, 3, 5, 'South Destiny', 'Iowa', '69646-8356', 'Liechtenstein', '3741 Giovani Burg Suite 948\nElainashire, NH 17467', 'Pacific/Tarawa', 2, 'Omnis impedit doloremque et voluptatem consequatur quidem repellendus. Minus quia minima sed aut ut inventore blanditiis. Reprehenderit rerum quod earum. Aut qui molestiae delectus rerum delectus aspernatur placeat.', '-0.730711', '51.537943', NULL, '2023-09-06 08:58:00', 0, 'Free', '2023-09-06', NULL, 0, 0, 0, 1, 1, 0, 1, 1, 0, 1, 1, 0, 1, '2023-09-06 03:58:20', '2023-09-06 03:58:20'),
(39, '1693990680$ellie.marvin@example.com', 'Nakia', 'Keebler', 'howell.verda', 'wilfred.ryan@example.org', '$2y$10$zb065NZc6beXpBu0FKqtfeDMEE82V6qfa0W/Y6IFUDfFvQdUjdV9G', '2023-09-06 03:58:00', 'Sugar Baby', 'Sugar Daddy Mommy', 0, '1971-06-20', 59, 164.00, 128.00, 2, 1, 'West Selina', 'North Carolina', '69393-1489', 'Rwanda', '14035 Reichert Mission Suite 843\nLake Osvaldoview, IA 11087', 'Africa/Gaborone', 1, 'Dolor est ullam harum et. Corporis magnam ut ea incidunt sed. Aut id dolores ut sit deserunt debitis nemo.', '-70.948451', '-82.377947', NULL, '2023-09-06 08:58:00', 0, 'Free', '2023-09-06', NULL, 0, 1, 0, 1, 1, 1, 1, 0, 0, 1, 1, 0, 1, '2023-09-06 03:58:20', '2023-09-06 03:58:20'),
(40, '1693990680$scronin@example.org', 'Maureen', 'Roberts', 'jpacocha', 'aryanna71@example.com', '$2y$10$B9Dk0NPM22m0TA1Zx8NaouPdbuttFe2SjadKbf8X3kCQLtPsWzwK.', '2023-09-06 03:58:00', 'Sugar Baby (Hombre/Man)', 'Sugar Baby (Trans)', 0, '1989-06-14', 52, 195.00, 129.00, 2, 2, 'New Henrietteport', 'Nevada', '74791-3403', 'Uzbekistan', '6960 Crystal Flat\nAndersonberg, MA 73745-5752', 'America/Creston', 0, 'Omnis culpa dolorem accusantium dicta quidem. Quos neque repellat voluptas eum quo.', '66.12163', '-156.679933', NULL, '2023-09-06 08:58:00', 0, 'Free', '2023-09-06', NULL, 0, 1, 0, 1, 1, 1, 0, 0, 0, 0, 1, 0, 1, '2023-09-06 03:58:20', '2023-09-06 03:58:20'),
(41, '1693990680$xolson@example.com', 'Reynold', 'VonRueden', 'greenholt.matt', 'buckridge.seth@example.net', '$2y$10$/mi.RN0uhpgnV6/IsOmK/OEkTWbvS2pELdxpAeupjXIlV.t8b14ju', '2023-09-06 03:58:01', 'Sugar Baby (Trans)', 'Sugar Daddy', 0, '1973-03-10', 21, 182.00, 111.00, 0, 1, 'East Fabian', 'North Carolina', '22090-2008', 'Cape Verde', '385 Arnaldo Valleys\nHollyport, AR 12277', 'Europe/Kirov', 0, 'Facere debitis laudantium nisi esse placeat odit. Harum vitae adipisci et laudantium. Excepturi enim et impedit libero. Dignissimos quos esse quam esse quod ut.', '54.641067', '-71.686604', NULL, '2023-09-06 08:58:01', 0, 'Free', '2023-09-06', NULL, 0, 0, 0, 1, 1, 0, 1, 1, 1, 0, 0, 0, 1, '2023-09-06 03:58:20', '2023-09-06 03:58:20'),
(42, '1693990681$natasha.jast@example.org', 'Lenna', 'Halvorson', 'marcia27', 'lindsay14@example.com', '$2y$10$DSE1PCk.YsAPbhRZheiaSevRKkb8FVaGklzxR5P2qvupQp/eblrw2', '2023-09-06 03:58:01', 'Sugar Baby (Hombre/Man)', 'Sugar Baby (Hombre/Man)', 0, '2000-05-02', 25, 180.00, 49.00, 0, 5, 'Konopelskichester', 'Utah', '22474', 'Switzerland', '84914 Bradtke Park Suite 490\nNakiaview, HI 62304', 'Asia/Srednekolymsk', 2, 'Et ducimus quae commodi perspiciatis eligendi. Neque commodi fugiat sit voluptate commodi est quas ut. Saepe impedit ut velit. Sed iste blanditiis cupiditate.', '-88.930681', '41.648323', NULL, '2023-09-06 08:58:01', 0, 'Free', '2023-09-06', NULL, 0, 0, 1, 1, 1, 1, 1, 1, 0, 1, 1, 0, 1, '2023-09-06 03:58:20', '2023-09-06 03:58:20'),
(43, '1693990681$ihettinger@example.net', 'Jadyn', 'Hackett', 'soledad47', 'vivianne29@example.org', '$2y$10$CpxZ8WhHgRQ2hsvMVpT9uOwWLxEXeuyT0NFWegds34fKixpJLpity', '2023-09-06 03:58:01', 'Sugar Mommy', 'Sugar Baby', 0, '1973-08-01', 39, 156.00, 116.00, 0, 8, 'Ankundingport', 'Rhode Island', '86372-0010', 'Norway', '8395 Wolff Ranch Apt. 490\nKrajcikmouth, UT 25761', 'Asia/Barnaul', 0, 'Deleniti nam et ullam facere perspiciatis ex ipsam voluptates. Assumenda temporibus ut omnis. Molestiae error aperiam libero esse facilis accusantium tenetur.', '-12.612122', '35.293887', NULL, '2023-09-06 08:58:01', 0, 'Free', '2023-09-06', NULL, 0, 0, 0, 1, 1, 0, 1, 0, 1, 1, 0, 0, 1, '2023-09-06 03:58:20', '2023-09-06 03:58:20'),
(44, '1693990681$cblock@example.net', 'Lambert', 'Parisian', 'lamar97', 'wconn@example.org', '$2y$10$zHcM.lPlrekXijpHdaa6cegoyFA/DYhW8Sh.M5/cNUFu.TgUeh3qS', '2023-09-06 03:58:01', 'Sugar Baby', 'Sugar Daddy', 0, '2018-11-17', 42, 156.00, 59.00, 0, 2, 'Jerdemouth', 'Louisiana', '93323-1211', 'Fiji', '24451 Mills Corners\nNorth Cassieville, KY 49603-6081', 'Pacific/Noumea', 1, 'Et dolores voluptate ex exercitationem. Repellat repellendus omnis quo delectus mollitia. Ut vitae voluptatem adipisci consequuntur. Pariatur consequuntur necessitatibus esse et.', '81.56145', '-90.217616', NULL, '2023-09-06 08:58:01', 0, 'Free', '2023-09-06', NULL, 0, 1, 1, 1, 1, 0, 0, 1, 0, 1, 1, 0, 0, '2023-09-06 03:58:20', '2023-09-06 03:58:20'),
(45, '1693990681$ezekiel35@example.org', 'Zackery', 'Rau', 'fbernier', 'blarkin@example.com', '$2y$10$CnDoADOpY4W5.pZnBfMfHO.dln2rfekkvsg.33N.W.myeAr3n47RW', '2023-09-06 03:58:01', 'Sugar Daddy Mommy', 'Sugar Daddy Mommy', 1, '1980-01-25', 52, 188.00, 84.00, 0, 1, 'Katlynnfurt', 'Maine', '15730', 'Falkland Islands (Malvinas)', '929 Douglas Square Apt. 471\nMyronview, OH 73988', 'America/Thule', 1, 'Et vitae et iste dolorem dolore sunt quisquam. Eligendi quod qui quae quo. Officia et ipsa aliquam.', '76.664352', '135.491218', NULL, '2023-09-06 08:58:01', 0, 'Free', '2023-09-06', NULL, 0, 0, 0, 1, 1, 0, 0, 1, 0, 0, 1, 0, 0, '2023-09-06 03:58:20', '2023-09-06 03:58:20'),
(46, '1693990681$mruecker@example.net', 'Gabrielle', 'Brakus', 'tyler.wisoky', 'rowe.sydney@example.org', '$2y$10$z9YwAu6w1ZngBA76pzadfu/4qmLN3Wuk9STjvOD9C6Ky2e3cZzgZ6', '2023-09-06 03:58:01', 'Sugar Baby (Hombre/Man)', 'Sugar Baby (Trans)', 0, '1971-09-15', 20, 194.00, 128.00, 3, 0, 'South Abigayleland', 'Virginia', '05648-4011', 'Chile', '934 Altenwerth Oval\nSouth Dallas, MS 60167', 'America/Kentucky/Monticello', 2, 'Neque mollitia quidem facilis omnis placeat. Porro fuga repellendus aliquid amet corporis. Cum reiciendis iure sint porro in est.', '-34.47653', '56.259435', NULL, '2023-09-06 08:58:01', 0, 'Free', '2023-09-06', NULL, 0, 1, 1, 1, 1, 1, 1, 1, 0, 0, 1, 0, 0, '2023-09-06 03:58:20', '2023-09-06 03:58:20'),
(47, '1693990681$aberge@example.com', 'Brennan', 'Williamson', 'lucio.mccullough', 'fkautzer@example.net', '$2y$10$3wGlzTxtBP3aRIbFdOCbBOKCmR.YntcNcfnQun4Uk/wBrhhiQnqA.', '2023-09-06 03:58:01', 'Sugar Baby (Mujer/Women)', 'Sugar Daddy', 0, '2021-03-05', 59, 197.00, 71.00, 2, 6, 'South Laila', 'Ohio', '11640', 'Cape Verde', '17057 Hane Keys\nWelchborough, MN 06480', 'Pacific/Easter', 2, 'Culpa molestiae aliquam dolore iure dolor culpa. Ut architecto molestiae et beatae placeat autem omnis. Enim recusandae eius est quos. Tempora dolor aut reiciendis.', '-56.921365', '-139.399475', NULL, '2023-09-06 08:58:01', 0, 'Free', '2023-09-06', NULL, 0, 0, 1, 1, 1, 1, 0, 1, 1, 1, 0, 1, 1, '2023-09-06 03:58:20', '2023-09-06 03:58:20'),
(48, '1693990681$crooks.clinton@example.net', 'Gilbert', 'Hintz', 'sheathcote', 'oolson@example.com', '$2y$10$uz8IUEnp1xK1nm7gmLZ7LeDrxWg4mAksd26EIs7mx.3Ie3WvfFNiO', '2023-09-06 03:58:01', 'Sugar Baby (Mujer/Women)', 'Sugar Baby', 0, '2008-07-24', 36, 162.00, 118.00, 1, 4, 'Loganburgh', 'Wisconsin', '31935-9806', 'Panama', '6641 Torey Ramp\nBerthaton, NY 30461', 'Africa/Mbabane', 1, 'Ducimus non molestiae atque iusto. Dignissimos commodi ut voluptatem consequatur tenetur dolorem. Dolor eligendi officiis error maiores id. Voluptas aut assumenda iure facilis.', '11.776424', '-162.770211', NULL, '2023-09-06 08:58:01', 0, 'Free', '2023-09-06', NULL, 0, 1, 0, 1, 1, 1, 1, 1, 1, 0, 1, 1, 0, '2023-09-06 03:58:20', '2023-09-06 03:58:20'),
(49, '1693990681$aubrey.reynolds@example.net', 'Daryl', 'Rutherford', 'prunte', 'diana40@example.net', '$2y$10$s/YbJ4MWD4863VWSueleLuWL1pX.fEpCB/wlxbVHuW8bvzusXQPim', '2023-09-06 03:58:01', 'Sugar Mommy', 'Sugar Baby (Mujer/Women)', 0, '2019-04-07', 65, 184.00, 42.00, 2, 6, 'Rahulfort', 'Massachusetts', '74574', 'Micronesia', '61422 Juvenal Springs\nLake Ike, NJ 53589', 'America/Cayman', 2, 'Et voluptas sit et. Quis porro alias deserunt asperiores a quod. Ut doloribus qui ipsam eos. Perferendis dicta soluta aliquam laudantium saepe optio reiciendis.', '53.940011', '140.61605', NULL, '2023-09-06 08:58:01', 0, 'Free', '2023-09-06', NULL, 0, 1, 1, 1, 1, 0, 1, 0, 0, 1, 1, 1, 1, '2023-09-06 03:58:20', '2023-09-06 03:58:20'),
(51, '1693990681$kkulas@example.com', 'Sincere', 'Effertz', 'damore.sydni', 'kaley.stamm@example.org', '$2y$10$JYyCQNsHs3fIr17bvreGAuHzHuemjTHIurFIhcwyXXIuZtX0LZQNS', '2023-09-06 03:58:02', 'Sugar Daddy Mommy', 'Sugar Daddy Mommy', 1, '2009-11-12', 63, 198.00, 115.00, 0, 6, 'Pansyton', 'Alaska', '10314', 'Peru', '96418 Schuster Harbors Suite 190\nReillyton, NV 71281-4559', 'Europe/Volgograd', 0, 'Est unde consectetur et quia qui. Vel aut quis fuga incidunt dicta earum. Quam iste recusandae voluptatum officiis saepe qui. Blanditiis accusamus sit assumenda.', '-42.801295', '50.359492', NULL, '2023-09-06 08:58:02', 0, 'Free', '2023-09-06', NULL, 0, 1, 0, 1, 1, 1, 1, 1, 1, 1, 0, 0, 0, '2023-09-06 03:58:21', '2023-09-06 03:59:18'),
(52, '1693990682$fiona.predovic@example.com', 'Isobel', 'Heidenreich', 'haylie.hodkiewicz', 'quigley.juliet@example.net', '$2y$10$dqr5rziq0cw5hhj.p95V7.jatkR2XLGq1eSa5USDuPeaftPEBRPt6', '2023-09-06 03:58:02', 'Sugar Daddy', 'Sugar Daddy Mommy', 0, '1970-06-30', 39, 188.00, 86.00, 1, 4, 'East Benedictville', 'Texas', '43743-1248', 'Australia', '776 Marie Vista Apt. 240\nSouth Darianville, RI 01905', 'Europe/Monaco', 0, 'Et provident asperiores placeat quas velit in ut corporis. Ratione aspernatur omnis culpa vitae ut. Quo et laudantium eaque rerum. A aut est sed officiis repellat vitae.', '35.413932', '-38.278314', NULL, '2023-09-06 08:58:02', 0, 'Free', '2023-09-06', NULL, 0, 1, 1, 1, 1, 0, 0, 1, 0, 0, 0, 0, 0, '2023-09-06 03:58:21', '2023-09-06 03:58:21'),
(53, '1693990682$gianni.harber@example.com', 'Paige', 'Emmerich', 'bianka79', 'nicolas.altenwerth@example.net', '$2y$10$w9aWT/CHO3Z9xmlB4fMpR.gYo.L6XM2M8MkR.eOUI0NG11XtM4HbO', '2023-09-06 03:58:02', 'Sugar Mommy', 'Sugar Mommy', 0, '2014-06-30', 61, 164.00, 40.00, 2, 0, 'Gleichnerbury', 'Massachusetts', '25862-9686', 'Turkmenistan', '85609 Rose Camp\nMillsmouth, MO 50469-7218', 'Asia/Manila', 0, 'Ullam commodi numquam atque ipsam illum incidunt. Officiis aliquam harum in illum. Est eligendi est natus.', '-54.24888', '-63.939586', NULL, '2023-09-06 08:58:02', 0, 'Free', '2023-09-06', NULL, 0, 0, 0, 1, 1, 0, 1, 0, 0, 0, 1, 0, 1, '2023-09-06 03:58:21', '2023-09-06 03:58:21'),
(54, '1693990682$owen.simonis@example.net', 'Josiah', 'Ernser', 'dach.nelle', 'flatley.myrna@example.net', '$2y$10$7WLV2rEqd6IyCfuQ13td4O/cWwT/ar86MGVmk5AUqo26wkUK4i1LC', '2023-09-06 03:58:02', 'Sugar Baby (Trans)', 'Sugar Baby', 1, '1993-08-12', 40, 182.00, 112.00, 2, 4, 'Lancetown', 'Florida', '00480-9514', 'Cameroon', '2830 Blair Avenue\nMadelinefort, ID 78574', 'America/Indiana/Vincennes', 1, 'Officia non iure saepe numquam quo aliquam est. Accusantium commodi saepe repudiandae tempore rerum quaerat. Necessitatibus fugiat ratione nobis et ab pariatur molestias molestiae.', '-17.749573', '155.303505', NULL, '2023-09-06 08:58:02', 0, 'Free', '2023-09-06', NULL, 0, 1, 1, 1, 1, 1, 1, 1, 0, 0, 0, 0, 1, '2023-09-06 03:58:21', '2023-09-06 03:58:21'),
(55, '1693990682$ebert.eric@example.org', 'Ashtyn', 'O\'Kon', 'mandy33', 'yundt.dagmar@example.org', '$2y$10$onxOF9XtmI1cgXLff31jNu7GPOk4N3mNahdgNENKwnYLtF1uTCg1C', '2023-09-06 03:58:02', 'Sugar Baby', 'Sugar Baby (Hombre/Man)', 0, '1994-09-08', 54, 197.00, 109.00, 2, 6, 'West Jennyferland', 'North Carolina', '85615-8462', 'Germany', '294 Mann Stream\nLake Thaddeus, KS 96571-3587', 'America/Indiana/Tell_City', 2, 'Debitis sunt dolorem maiores consequuntur enim. Eos ut ab nulla est.', '27.923513', '-79.678066', NULL, '2023-09-06 08:58:02', 0, 'Free', '2023-09-06', NULL, 0, 0, 0, 1, 1, 0, 1, 1, 1, 1, 1, 1, 1, '2023-09-06 03:58:21', '2023-09-06 03:58:21'),
(56, '1693990682$hjakubowski@example.org', 'Garth', 'Blanda', 'connelly.yvonne', 'friesen.josh@example.net', '$2y$10$i02pgnPVbSnyIqC9awZ3Q.GVwnMIrZu79zjibiQFtd95Gt5fEGxs2', '2023-09-06 03:58:02', 'Sugar Baby (Hombre/Man)', 'Sugar Mommy', 1, '2018-07-27', 23, 189.00, 42.00, 2, 3, 'North Lonnyside', 'Nevada', '65031-3319', 'Moldova', '214 Maiya Plains Apt. 703\nQuitzonchester, NV 16978-6465', 'America/Nuuk', 0, 'Ipsam animi soluta consequatur qui vero autem excepturi. Architecto totam quia blanditiis. Molestiae in itaque beatae molestiae.', '-8.336166', '-97.582842', NULL, '2023-09-06 08:58:02', 0, 'Free', '2023-09-06', NULL, 0, 1, 0, 1, 1, 0, 0, 0, 0, 0, 1, 1, 0, '2023-09-06 03:58:21', '2023-09-06 03:58:21'),
(57, '1693990682$hledner@example.org', 'Orin', 'Rutherford', 'francesca03', 'sim95@example.com', '$2y$10$p23X7zzrlzQ4q4Y2GrRQ0e3XGz.duC4Pi22qCMY7R62IrrBQ1aC0S', '2023-09-06 03:58:02', 'Sugar Mommy', 'Sugar Baby', 1, '1989-09-15', 57, 155.00, 119.00, 2, 7, 'Hettingerberg', 'Maine', '46136', 'Brazil', '65456 Kling Dam\nTaureanberg, OH 76964-1980', 'Atlantic/Canary', 2, 'Eius magni libero dolore labore qui libero est. Minus est quo consequatur cumque. Deleniti mollitia assumenda occaecati et. Temporibus eum rerum reprehenderit reprehenderit culpa porro dolore perferendis.', '-53.25245', '-121.979046', NULL, '2023-09-06 08:58:02', 0, 'Free', '2023-09-06', NULL, 0, 1, 1, 1, 1, 1, 1, 1, 0, 0, 1, 0, 1, '2023-09-06 03:58:21', '2023-09-06 03:58:21'),
(58, '1693990682$rempel.minerva@example.org', 'Everardo', 'Satterfield', 'fisher.verlie', 'vernie95@example.net', '$2y$10$ZUIEvHLmbS7.YiQSzv117.LWpC8n2Xy.6EpWGBgdLvoRjB.15f64q', '2023-09-06 03:58:03', 'Sugar Daddy Mommy', 'Sugar Daddy', 1, '1970-02-17', 54, 186.00, 89.00, 0, 4, 'Kalliechester', 'Alabama', '81731-8112', 'British Indian Ocean Territory (Chagos Archipelago)', '9813 Lea Oval\nNorth Judgebury, VA 22268-7307', 'Asia/Nicosia', 1, 'Adipisci modi qui et placeat. Exercitationem in dolore et est corrupti suscipit commodi explicabo. Et eaque minus aperiam inventore cum sequi.', '88.320126', '20.994348', NULL, '2023-09-06 08:58:03', 0, 'Free', '2023-09-06', NULL, 0, 1, 0, 1, 1, 1, 0, 0, 0, 0, 1, 1, 0, '2023-09-06 03:58:21', '2023-09-06 03:58:21'),
(59, '1693990683$carson99@example.org', 'Lia', 'Cruickshank', 'xflatley', 'vpagac@example.com', '$2y$10$8U7cP9A.ws2RxyrZyhBxae1THewuDzmDI1tddd4uJBDWCQMdeP1fa', '2023-09-06 03:58:03', 'Sugar Daddy', 'Sugar Daddy Mommy', 0, '1979-06-14', 43, 189.00, 42.00, 1, 8, 'Ziemeshire', 'Alabama', '02340-5451', 'Somalia', '1852 Santiago Trail Apt. 467\nLake Obie, WY 42820', 'Indian/Comoro', 2, 'Et quas consequatur non necessitatibus nemo. Voluptas aspernatur similique dolorem illum tempora error saepe nisi. Corrupti deleniti maiores dolore et ut vero fugiat.', '23.433791', '-99.955888', NULL, '2023-09-06 08:58:03', 0, 'Free', '2023-09-06', NULL, 0, 1, 0, 1, 1, 1, 1, 0, 0, 1, 1, 1, 1, '2023-09-06 03:58:21', '2023-09-06 03:58:21'),
(60, '1693990683$yshanahan@example.com', 'Rosalyn', 'Fahey', 'bergnaum.colin', 'langworth.angel@example.org', '$2y$10$hv.eSDBo95xz/wjW1Ugs4e6XnCAPxFrVl4LfzJoZ14R/MeZU44uyu', '2023-09-06 03:58:03', 'Sugar Baby (Hombre/Man)', 'Sugar Baby (Trans)', 1, '2023-01-28', 24, 164.00, 77.00, 0, 2, 'South Ford', 'Oklahoma', '45247', 'Tokelau', '158 Dewayne Flats\nRomaguerachester, AK 43375-9149', 'Antarctica/Davis', 2, 'In voluptatem dolores enim placeat doloremque fuga non aut. Ut suscipit ut debitis eos non ipsam. Nulla ratione non magni unde earum modi. Quam aliquid amet non cupiditate et eos.', '39.135558', '131.98044', NULL, '2023-09-06 08:58:03', 0, 'Free', '2023-09-06', NULL, 0, 0, 1, 1, 1, 0, 1, 1, 0, 1, 1, 1, 0, '2023-09-06 03:58:21', '2023-09-06 03:58:21'),
(61, '1693990683$mozelle.fay@example.org', 'Devante', 'Pacocha', 'maggio.gaston', 'luciano27@example.org', '$2y$10$4Zxhn9jRE/ZgLlzeQHclcOi3FXaBGr/QtxdbRrdWqgYU0VMy8envO', '2023-09-06 03:58:03', 'Sugar Mommy', 'Sugar Baby', 0, '1988-09-29', 19, 192.00, 69.00, 2, 0, 'Artmouth', 'South Carolina', '20970', 'Guernsey', '732 Weber Bridge Apt. 169\nSchneiderside, IL 47879-7620', 'America/Grand_Turk', 1, 'Provident aut repellendus qui sed et voluptatem. Veritatis aut dolorem expedita aspernatur. Nemo minus deleniti a hic rem nulla consequuntur.', '35.636191', '170.407563', NULL, '2023-09-06 08:58:03', 0, 'Free', '2023-09-06', NULL, 0, 1, 0, 1, 1, 1, 0, 0, 1, 0, 0, 1, 1, '2023-09-06 03:58:21', '2023-09-06 03:58:21'),
(62, '1693990683$upton.sabina@example.com', 'Elbert', 'Zemlak', 'lullrich', 'abernathy.glenda@example.net', '$2y$10$IlLeeJ3xD5fd16CWDYkuVeqXI5eZpcdeMitHEn/1FtO0LRIl76Evy', '2023-09-06 03:58:03', 'Sugar Baby (Trans)', 'Sugar Daddy', 0, '2016-01-14', 42, 154.00, 113.00, 3, 6, 'Nienowfurt', 'New York', '88379', 'Djibouti', '94565 Emie Square Apt. 255\nLake Sabrynaside, SC 21626-2419', 'Africa/Accra', 0, 'Soluta est vero fuga in fuga. Non necessitatibus voluptates dignissimos inventore eius. Porro nisi ipsa sed.', '25.074765', '-128.408094', NULL, '2023-09-06 08:58:03', 0, 'Free', '2023-09-06', NULL, 0, 1, 1, 1, 1, 0, 0, 0, 1, 1, 1, 1, 1, '2023-09-06 03:58:21', '2023-09-06 03:58:21'),
(63, '1693990683$dbatz@example.net', 'Nathanael', 'Wolf', 'conn.dallas', 'emmitt.thompson@example.org', '$2y$10$XFPMiSR/wqNxZfLqBxVDm.lDr8hRs2D3NyQAiiYXDkEt9yV1xt.z2', '2023-09-06 03:58:03', 'Sugar Mommy', 'Sugar Baby (Hombre/Man)', 0, '1997-04-25', 37, 186.00, 130.00, 0, 5, 'East Deshauntown', 'Maine', '23253-3231', 'Isle of Man', '5854 Crona Station\nSouth Janessa, NH 67032-8087', 'Atlantic/St_Helena', 2, 'Et eveniet aut consectetur explicabo aut. Neque quidem velit sit a occaecati molestiae. Aperiam occaecati expedita voluptatem est omnis tempore.', '4.251765', '-44.758105', NULL, '2023-09-06 08:58:03', 0, 'Free', '2023-09-06', NULL, 0, 1, 1, 1, 1, 1, 0, 1, 1, 0, 0, 1, 1, '2023-09-06 03:58:21', '2023-09-06 03:58:21'),
(64, '1693990683$olarson@example.com', 'Vernie', 'Mayert', 'pouros.violette', 'durgan.jazlyn@example.com', '$2y$10$VZcnTZpOU7IxRXpSVhIspOA5KGu5G3FFZvs2e9TAhO0WfSeHAw8ES', '2023-09-06 03:58:03', 'Sugar Daddy', 'Sugar Daddy Mommy', 0, '1976-11-28', 19, 195.00, 63.00, 3, 8, 'Dandrechester', 'North Carolina', '68635-3200', 'Samoa', '553 Predovic Lane Suite 121\nWest Sallyside, UT 25508-5961', 'Europe/Sarajevo', 2, 'Aut dolorum modi consectetur quam et. A reiciendis expedita id vitae iste. Natus tenetur sint facere sed accusantium numquam. Natus eveniet dolor velit est est consequatur placeat. Numquam error consequatur reiciendis quisquam adipisci eligendi rerum.', '87.91606', '-106.338351', NULL, '2023-09-06 08:58:03', 0, 'Free', '2023-09-06', NULL, 0, 1, 0, 1, 1, 0, 1, 0, 0, 0, 0, 1, 0, '2023-09-06 03:58:21', '2023-09-06 03:58:21'),
(65, '1693990683$anderson.lyla@example.com', 'Alexanne', 'Bayer', 'therese.bauch', 'dlangosh@example.net', '$2y$10$6lKHWG4zUNV9En2ucz1rmerCdqKiituc/Gy1OtN2tLDYRrdGkzB.6', '2023-09-06 03:58:03', 'Sugar Baby (Mujer/Women)', 'Sugar Daddy Mommy', 0, '2019-03-29', 56, 171.00, 148.00, 1, 4, 'East Ada', 'Minnesota', '91445', 'San Marino', '3223 Heaney Village\nLake Tedmouth, KS 67488', 'Indian/Reunion', 1, 'Minima sapiente numquam iusto at natus. Quae inventore id praesentium odit ex voluptatem incidunt. Dolorum assumenda et aperiam quos unde labore. Voluptates voluptatum non aspernatur quas voluptatum. Eligendi placeat ut et velit consectetur.', '70.069839', '-84.897287', NULL, '2023-09-06 08:58:03', 0, 'Free', '2023-09-06', NULL, 0, 0, 1, 1, 1, 1, 0, 0, 1, 0, 0, 1, 1, '2023-09-06 03:58:21', '2023-09-06 03:58:21'),
(66, '1693990683$iwehner@example.com', 'Neal', 'Howe', 'heidenreich.rosanna', 'stamm.oda@example.net', '$2y$10$2JqCQpAkNL6/0upKOwGNKu3PgE3d1qk2xiQ2tzA1168u6EacvYmBy', '2023-09-06 03:58:03', 'Sugar Baby (Mujer/Women)', 'Sugar Baby (Mujer/Women)', 0, '1991-05-02', 58, 159.00, 117.00, 2, 2, 'North Ulicesburgh', 'California', '48135-3428', 'Bahrain', '1551 Kavon Street\nNorth Chestermouth, KY 10480', 'Asia/Phnom_Penh', 0, 'Et ex praesentium aut voluptatem. Quod est ad eos temporibus necessitatibus qui alias. Quis ab esse nisi pariatur. Minima qui nemo in et provident numquam.', '-36.908652', '35.460205', NULL, '2023-09-06 08:58:03', 0, 'Free', '2023-09-06', NULL, 0, 1, 0, 1, 1, 0, 0, 0, 0, 0, 0, 1, 0, '2023-09-06 03:58:21', '2023-09-06 03:58:21'),
(67, '1693990683$orval.kutch@example.net', 'Xavier', 'Hoppe', 'pbreitenberg', 'lbode@example.net', '$2y$10$FX5JK5J1TgTOONJer7rWcOc7IfNzo6QEvYnNWbIix1QqWfkPBnyoq', '2023-09-06 03:58:04', 'Sugar Baby (Mujer/Women)', 'Sugar Daddy Mommy', 1, '1981-03-12', 28, 170.00, 111.00, 3, 5, 'Port Rogelio', 'Utah', '63047', 'Korea', '6890 Gleason Estates\nHattiefurt, AR 90220', 'America/New_York', 0, 'Culpa fugit vel accusamus ratione. Consectetur qui qui culpa culpa fugit rerum in. Maiores qui rerum dignissimos molestiae sit consequatur. Ipsam maiores ullam et amet dolor ut et.', '22.856691', '156.523609', NULL, '2023-09-06 08:58:04', 0, 'Free', '2023-09-06', NULL, 0, 0, 0, 1, 1, 0, 1, 0, 1, 1, 0, 1, 0, '2023-09-06 03:58:21', '2023-09-06 03:58:21'),
(68, '1693990684$hmoen@example.com', 'Danielle', 'Lueilwitz', 'slegros', 'mrice@example.com', '$2y$10$La4oMKQxrvFUza.zUFjMquInVTrGU7SLGxDfBNorDOOIM0jjzPBW6', '2023-09-06 03:58:04', 'Sugar Baby (Hombre/Man)', 'Sugar Daddy', 0, '2006-11-13', 23, 179.00, 54.00, 3, 4, 'Christopfort', 'New Hampshire', '50791', 'Moldova', '37884 Candida Creek\nErikhaven, IN 22052', 'Asia/Famagusta', 0, 'Impedit rerum facere quod blanditiis omnis distinctio qui. Unde tempore est doloribus consectetur. Vero voluptate qui ex quo. Sequi sit id sapiente.', '9.657096', '-140.582536', NULL, '2023-09-06 08:58:04', 0, 'Free', '2023-09-06', NULL, 0, 1, 1, 1, 1, 1, 1, 0, 0, 1, 1, 1, 0, '2023-09-06 03:58:21', '2023-09-06 03:58:21'),
(69, '1693990684$xhartmann@example.org', 'Earnest', 'Funk', 'garry.ondricka', 'riley49@example.org', '$2y$10$rkG5qnuIGRNhZEEbCvqLFe/AKsRtt0tntJjsZLFyKZYtQl09vjDnO', '2023-09-06 03:58:04', 'Sugar Baby', 'Sugar Daddy Mommy', 1, '2014-06-05', 64, 192.00, 113.00, 1, 2, 'New Natalia', 'New Mexico', '85705', 'Morocco', '346 Otho Burgs\nBernierland, NJ 54576-1596', 'Africa/Djibouti', 1, 'Id cum ullam numquam unde ipsum excepturi est. Consequatur incidunt earum amet delectus cum hic magnam fuga.', '7.128036', '169.634726', NULL, '2023-09-06 08:58:04', 0, 'Free', '2023-09-06', NULL, 0, 0, 0, 1, 1, 0, 1, 1, 1, 1, 1, 1, 0, '2023-09-06 03:58:22', '2023-09-06 03:58:22'),
(70, '1693990684$nikolas39@example.org', 'Shany', 'Nicolas', 'jany04', 'sarina50@example.org', '$2y$10$swDLO3FN7VtY44oSwDfTEOb1UUvKefa3H85N9U9ybC51O.W.TKfy2', '2023-09-06 03:58:04', 'Sugar Baby', 'Sugar Baby', 1, '1973-09-25', 57, 188.00, 63.00, 3, 2, 'Lemkeshire', 'Wyoming', '21587', 'Tanzania', '8465 Shanahan Rest Apt. 320\nRueckerbury, MD 41306-3807', 'America/Hermosillo', 0, 'Libero ut voluptates illo. Earum architecto suscipit asperiores ullam. Reiciendis ipsa ut eum libero et nostrum. Modi ex aut repellendus eos molestiae eos.', '-50.892594', '-59.854264', NULL, '2023-09-06 08:58:04', 0, 'Free', '2023-09-06', NULL, 0, 1, 1, 1, 1, 1, 0, 0, 0, 0, 0, 0, 1, '2023-09-06 03:58:22', '2023-09-06 03:58:22'),
(71, '1693990684$gerhold.clare@example.net', 'Marcia', 'Koelpin', 'delfina.zemlak', 'jennyfer.kautzer@example.com', '$2y$10$Si05RzbfeEqxw0CRJLN7POGMZTHWKuCktuEUcAIgn2jDg76FTqV.q', '2023-09-06 03:58:04', 'Sugar Mommy', 'Sugar Baby (Mujer/Women)', 1, '2018-04-17', 45, 192.00, 68.00, 3, 2, 'Boganburgh', 'Maine', '62199', 'French Polynesia', '6231 Casandra Skyway\nAgustinashire, NV 58809-4044', 'Africa/Freetown', 2, 'Deserunt veniam minus veniam dignissimos dolores. Nisi sed veniam deserunt animi quidem dolores minima.', '43.787488', '-119.303021', NULL, '2023-09-06 08:58:04', 0, 'Free', '2023-09-06', NULL, 0, 0, 1, 1, 1, 1, 0, 0, 1, 0, 0, 1, 0, '2023-09-06 03:58:22', '2023-09-06 03:58:22');
INSERT INTO `users` (`id`, `unique_id`, `first_name`, `last_name`, `username`, `email`, `password`, `email_verified_at`, `iam`, `interestedin`, `financial_support`, `dob`, `age`, `height`, `weight`, `body_type`, `child`, `city`, `state`, `zipcode`, `country`, `address`, `timezone`, `gender`, `about_me`, `latitude`, `longitude`, `profile_image`, `last_login`, `membership_type`, `membership_price`, `membership_start`, `membership_end`, `membership_status`, `marital_status`, `privacy_status`, `verify_status`, `status`, `show_last_login`, `block_male_msg`, `block_female_msg`, `block_trans_msg`, `block_all_email`, `block_money_making_opp_email`, `block_local_event_meet_up_email`, `block_like_favorite_email`, `created_at`, `updated_at`) VALUES
(72, '1693990684$ashleigh55@example.net', 'Velda', 'Gleichner', 'jedidiah.hessel', 'hoppe.annette@example.org', '$2y$10$LgUdSohUnvy7p9/pOIpLu.FxGIcJX2qyc5xYG76Bsac4U1xO3JOUG', '2023-09-06 03:58:04', 'Sugar Baby (Hombre/Man)', 'Sugar Daddy', 1, '2011-02-18', 45, 166.00, 144.00, 2, 5, 'Edmondberg', 'Colorado', '81020', 'Hungary', '600 Hill Valleys\nNew Jadonport, GA 27939-0123', 'America/Tegucigalpa', 2, 'Eos in dolorem molestias. Dignissimos nostrum qui et quidem. Temporibus dicta laboriosam dolorem et harum et.', '4.209896', '-174.983451', NULL, '2023-09-06 08:58:04', 0, 'Free', '2023-09-06', NULL, 0, 0, 0, 1, 1, 1, 1, 0, 1, 0, 0, 1, 0, '2023-09-06 03:58:22', '2023-09-06 03:58:22'),
(73, '1693990720$abbott.octavia@example.com', 'Theresa', 'Reichel', 'nicolas.rhett', 'tyree86@example.net', '$2y$10$pYrTJONdSMbSb166PIea8OpcrFqo2LarKJMkUSVy23n5KEb5Yoz.y', '2023-09-06 03:58:40', 'Sugar Baby', 'Sugar Baby (Hombre/Man)', 0, '1974-10-25', 32, 161.00, 139.00, 2, 8, 'South Abeberg', 'Virginia', '61812', 'Equatorial Guinea', '208 Priscilla Divide\nSouth Izabellaport, MA 35606', 'Asia/Samarkand', 1, 'Temporibus quos et voluptatem facere architecto. Voluptatem rem eveniet placeat pariatur. Omnis rerum reprehenderit corrupti sit sed.', '12.616208', '-155.810217', NULL, '2023-09-06 08:58:40', 0, 'Free', '2023-09-06', NULL, 0, 1, 0, 1, 1, 0, 0, 0, 0, 0, 1, 0, 1, '2023-09-06 03:59:01', '2023-09-06 03:59:01'),
(74, '1693990720$johnnie.hodkiewicz@example.org', 'Magdalena', 'Kassulke', 'reyna27', 'colt00@example.com', '$2y$10$dANfvdEkaTEgQ4amFdVdz./r9By.If/DmvRvB4q3rhMri7l3EsqEC', '2023-09-06 03:58:40', 'Sugar Baby (Trans)', 'Sugar Baby', 0, '2008-01-25', 29, 187.00, 64.00, 1, 8, 'South Aileenfurt', 'Pennsylvania', '73138', 'New Zealand', '725 Reichel Ridge\nPort Ibrahimside, NH 91501', 'Africa/Dakar', 0, 'Dolorum voluptate quam nesciunt vitae. Ut maxime qui sapiente. Sint atque nisi voluptates. Facilis recusandae minus officia perferendis dolor eos. Sequi illo officia odio dolor ab blanditiis harum.', '78.722721', '165.639202', NULL, '2023-09-06 08:58:40', 0, 'Free', '2023-09-06', NULL, 0, 1, 0, 1, 1, 1, 0, 1, 0, 1, 1, 0, 1, '2023-09-06 03:59:01', '2023-09-06 03:59:01'),
(75, '1693990720$qzulauf@example.org', 'Isom', 'Thiel', 'orlando.maggio', 'schuyler65@example.net', '$2y$10$cwUHXUguhf69.cR6VIBZYuIlDzzfjzNaebRJSSX8H73sE/VH8jLa2', '2023-09-06 03:58:40', 'Sugar Baby', 'Sugar Daddy Mommy', 1, '1992-09-21', 64, 173.00, 60.00, 3, 0, 'East Delilah', 'West Virginia', '98636', 'Thailand', '143 Rudy Shoal\nAlfonsochester, TN 12513', 'America/Moncton', 2, 'Natus est debitis ab cupiditate id sit et. Eius adipisci vel iusto libero voluptatem. Sequi error enim ratione autem. Aut id libero id id ipsum accusamus.', '-87.397522', '152.081541', NULL, '2023-09-06 08:58:40', 0, 'Free', '2023-09-06', NULL, 0, 1, 1, 1, 1, 0, 0, 0, 0, 0, 1, 1, 1, '2023-09-06 03:59:01', '2023-09-06 03:59:01'),
(76, '1693990720$bogisich.kenneth@example.net', 'Eden', 'Kuhic', 'westley.kulas', 'nkonopelski@example.org', '$2y$10$gOYkTFm81pCq2VgOwxFPG.Wl8aUKlgcrQamchRPR4Jp1Nut.LHLTu', '2023-09-06 03:58:40', 'Sugar Daddy', 'Sugar Baby', 1, '2015-09-17', 52, 194.00, 123.00, 3, 8, 'New Electaborough', 'North Carolina', '11447', 'Togo', '75689 Orn Keys\nBergechester, VT 60290', 'America/Nome', 1, 'Sint doloribus nihil ut recusandae. Perferendis ut repudiandae vero qui sapiente qui quaerat culpa. Sapiente debitis dolor ut et aut autem.', '-7.029786', '-128.245673', NULL, '2023-09-06 08:58:40', 0, 'Free', '2023-09-06', NULL, 0, 1, 0, 1, 1, 1, 1, 0, 0, 0, 0, 1, 0, '2023-09-06 03:59:01', '2023-09-06 03:59:01'),
(77, '1693990720$dante93@example.net', 'Raoul', 'Rosenbaum', 'carley60', 'carmella37@example.net', '$2y$10$lI7.eme3V/jVjuYmDIOBBO8P/ifbhXapC2dE3BzcCOUzhOvZyydou', '2023-09-06 03:58:40', 'Sugar Daddy Mommy', 'Sugar Baby (Trans)', 0, '2011-02-08', 55, 159.00, 149.00, 1, 3, 'Beauville', 'North Dakota', '49159', 'Niger', '3440 Durgan Wells Suite 807\nHamillberg, OH 75123-8952', 'America/North_Dakota/Beulah', 1, 'Consequatur nostrum voluptatibus porro vitae sed nihil ut. A et iusto eius.', '-36.228452', '132.78679', NULL, '2023-09-06 08:58:40', 0, 'Free', '2023-09-06', NULL, 0, 0, 1, 1, 1, 0, 0, 0, 0, 0, 1, 1, 1, '2023-09-06 03:59:01', '2023-09-06 03:59:01'),
(78, '1693990720$emmerich.jolie@example.com', 'Spencer', 'Abshire', 'tkovacek', 'marielle.fadel@example.com', '$2y$10$RBRpTGnJx4/xHd7qzZNFg.bdvkK/xC/PxyIn69c4Z5GnDEBRejdWW', '2023-09-06 03:58:41', 'Sugar Mommy', 'Sugar Baby (Mujer/Women)', 1, '1974-06-15', 50, 173.00, 87.00, 0, 3, 'East Javierhaven', 'Pennsylvania', '08253-6986', 'Bulgaria', '232 Jacinthe Crossing\nEast Ethelynside, TX 02065', 'America/Bahia_Banderas', 0, 'Molestias rerum a quia ratione natus. Pariatur quidem minus est reprehenderit. Deleniti quidem molestiae provident vel tempore consequatur voluptatem quaerat.', '-10.648773', '148.692848', NULL, '2023-09-06 08:58:41', 0, 'Free', '2023-09-06', NULL, 0, 0, 0, 1, 1, 0, 1, 0, 0, 1, 0, 0, 0, '2023-09-06 03:59:01', '2023-09-06 03:59:01'),
(79, '1693990721$harold.hessel@example.net', 'Paul', 'Hill', 'clara.wunsch', 'marcelina.collins@example.com', '$2y$10$ZqF.W1QRRaAXyLFz45L27.MBB7i6eWlxTDs6mBaqDQdOH8QVB2OJe', '2023-09-06 03:58:41', 'Sugar Daddy', 'Sugar Daddy Mommy', 1, '2020-06-02', 49, 181.00, 123.00, 2, 7, 'East Isabellamouth', 'New Mexico', '57719-3223', 'Saint Pierre and Miquelon', '79369 Arnulfo Gateway Apt. 521\nWest Josiane, ME 75927', 'America/Tortola', 2, 'Facere et hic facilis. Rerum molestiae blanditiis aut libero et. Ipsam sit excepturi quia quo aut. Minima sed non odio aliquam facere velit.', '88.419031', '-14.563962', NULL, '2023-09-06 08:58:41', 0, 'Free', '2023-09-06', NULL, 0, 0, 0, 1, 1, 1, 1, 1, 0, 1, 0, 1, 1, '2023-09-06 03:59:01', '2023-09-06 03:59:01'),
(80, '1693990721$wilkinson.tito@example.org', 'Eriberto', 'Schroeder', 'okon.edd', 'noah.keeling@example.net', '$2y$10$NejkK1RIISGagpkjVJaM5egjL0j5joALMyfYLSDIhgGsS0CqwbyiS', '2023-09-06 03:58:41', 'Sugar Baby', 'Sugar Mommy', 0, '2018-10-22', 23, 186.00, 54.00, 1, 3, 'Rodgerfort', 'Montana', '66049', 'Czech Republic', '3796 Ritchie Pike\nWest Rachellemouth, MS 05582', 'America/Paramaribo', 1, 'Vel et non est ipsa. Qui animi quia amet sed aut sint id voluptatibus. Dolorem qui autem molestiae quis consequatur. Voluptatibus deserunt omnis in eos.', '-14.684696', '-2.329021', NULL, '2023-09-06 08:58:41', 0, 'Free', '2023-09-06', NULL, 0, 1, 1, 1, 1, 0, 0, 0, 1, 0, 1, 1, 1, '2023-09-06 03:59:01', '2023-09-06 03:59:01'),
(81, '1693990721$kihn.wilson@example.com', 'Lenny', 'Spencer', 'will.loyal', 'adela71@example.com', '$2y$10$FpVATGyElheD.P2aXu19v.BtCNl9AvLL7kJbgWLQWh8Dg3QlPfumq', '2023-09-06 03:58:41', 'Sugar Baby (Trans)', 'Sugar Daddy Mommy', 0, '1982-09-08', 39, 152.00, 46.00, 0, 3, 'Odellbury', 'Minnesota', '34317', 'Eritrea', '6392 Schimmel Mountain\nElyseport, TX 58933', 'Asia/Muscat', 0, 'Fugiat corporis hic neque aut ipsum. Ea libero eveniet debitis. Excepturi esse vero deleniti ab et magnam debitis.', '49.931285', '-97.014326', NULL, '2023-09-06 08:58:41', 0, 'Free', '2023-09-06', NULL, 0, 1, 1, 1, 1, 0, 0, 0, 0, 0, 0, 0, 1, '2023-09-06 03:59:01', '2023-09-06 03:59:01'),
(82, '1693990721$adell.gulgowski@example.com', 'Madge', 'Lockman', 'qhills', 'langosh.easton@example.org', '$2y$10$x/3lLuZJNexPmXUgAQq6m.F3VFCsuDpqaUzZetwCOy1VQPdbk1gTa', '2023-09-06 03:58:41', 'Sugar Baby', 'Sugar Baby (Trans)', 0, '2018-02-10', 43, 186.00, 118.00, 0, 0, 'Lake Mayland', 'Connecticut', '73200-3904', 'Finland', '3598 Ramon Fall\nLake Estellmouth, NM 74896', 'America/Cambridge_Bay', 0, 'Magnam sint minus ducimus. Modi aut cupiditate consequuntur qui quo vero explicabo.', '17.680702', '168.824693', NULL, '2023-09-06 08:58:41', 0, 'Free', '2023-09-06', NULL, 0, 1, 1, 1, 1, 1, 0, 1, 0, 1, 0, 1, 1, '2023-09-06 03:59:01', '2023-09-06 03:59:01'),
(83, '1693990721$iwolf@example.com', 'Lorenzo', 'Lebsack', 'heidenreich.ashley', 'victoria87@example.com', '$2y$10$/k02WyHuXGqCczfOIwBKguhrp4WKhxTA7yeQzGpTBe7q0xBXeXIUu', '2023-09-06 03:58:41', 'Sugar Baby (Hombre/Man)', 'Sugar Baby', 0, '1970-10-16', 50, 168.00, 119.00, 3, 6, 'Port Braedenfurt', 'South Carolina', '48206', 'Anguilla', '4446 Rickie Center\nHarberville, NC 57066-9323', 'Europe/Madrid', 1, 'Aut numquam placeat voluptatem. Repellendus voluptatem numquam voluptatum illo voluptatibus minima. Odit nulla commodi facilis corporis architecto qui. Veniam molestiae id rerum optio neque facere et corrupti. Sit nihil et nulla iure.', '71.93322', '-168.825634', NULL, '2023-09-06 08:58:41', 0, 'Free', '2023-09-06', NULL, 0, 0, 1, 1, 1, 1, 0, 1, 1, 0, 0, 1, 0, '2023-09-06 03:59:01', '2023-09-06 03:59:01'),
(84, '1693990721$lawson.dibbert@example.com', 'Trevion', 'Paucek', 'sgaylord', 'eusebio29@example.com', '$2y$10$tZKOY/37E3vU7Koa9qyDqOM.umq8WtLYcx6Yz867lAc2WEdopVNI6', '2023-09-06 03:58:41', 'Sugar Daddy', 'Sugar Mommy', 0, '2007-09-20', 19, 150.00, 66.00, 1, 5, 'Port Edgardo', 'California', '32002', 'South Georgia and the South Sandwich Islands', '47678 Juanita Greens\nNew Manuel, FL 53066', 'Antarctica/DumontDUrville', 1, 'Enim ut quod autem rerum. Nobis qui similique rerum quisquam facilis. Quaerat fuga sed ducimus fuga deleniti non.', '-72.756622', '135.989276', NULL, '2023-09-06 08:58:41', 0, 'Free', '2023-09-06', NULL, 0, 0, 1, 1, 1, 1, 1, 0, 0, 1, 0, 1, 0, '2023-09-06 03:59:01', '2023-09-06 03:59:01'),
(85, '1693990721$gisselle47@example.org', 'Maye', 'Steuber', 'kwaelchi', 'jazlyn.medhurst@example.org', '$2y$10$Ervj6FJOHr.NKLgkHyiGBuSCdeT6fy1MXObBszZK1d7qg3cTndh5m', '2023-09-06 03:58:41', 'Sugar Baby', 'Sugar Baby (Mujer/Women)', 1, '1993-03-26', 60, 176.00, 75.00, 0, 2, 'Ornshire', 'Michigan', '10668', 'Lesotho', '607 Fidel Rapid Apt. 297\nAlvinaview, AR 20148', 'Australia/Eucla', 2, 'Possimus commodi soluta cum. Corporis nisi molestiae omnis omnis voluptatem voluptatem.', '39.939111', '-174.813449', NULL, '2023-09-06 08:58:41', 0, 'Free', '2023-09-06', NULL, 0, 1, 1, 1, 1, 0, 1, 1, 0, 0, 1, 0, 0, '2023-09-06 03:59:01', '2023-09-06 03:59:01'),
(86, '1693990721$bflatley@example.com', 'Maddison', 'Hansen', 'connelly.euna', 'albertha.grady@example.org', '$2y$10$OtAQRQmJEZjG50HyA4ZVEe53vX4fsIk22JhG8707bX7rzEfJ2/Ny2', '2023-09-06 03:58:42', 'Sugar Baby (Mujer/Women)', 'Sugar Daddy Mommy', 0, '1976-09-03', 32, 172.00, 139.00, 1, 7, 'North Sally', 'Georgia', '75107-2316', 'Egypt', '120 Aniyah Underpass\nMraztown, ME 20938', 'Africa/Maseru', 0, 'Qui repellat et est magnam ducimus commodi. Neque sunt inventore consequuntur distinctio aperiam in voluptas totam. Ab similique doloremque rerum quasi ea molestiae. Sed sed non velit doloremque.', '13.654942', '-41.582016', NULL, '2023-09-06 08:58:42', 0, 'Free', '2023-09-06', NULL, 0, 0, 0, 1, 1, 1, 0, 0, 0, 0, 1, 0, 0, '2023-09-06 03:59:01', '2023-09-06 03:59:01'),
(87, '1693990722$darien03@example.org', 'Connor', 'Lynch', 'robert44', 'gwen95@example.net', '$2y$10$pjMzz1AoR992DBKV00fOZeGJ9yloY9DOhOOxox34tA9tJSRb1LmZC', '2023-09-06 03:58:42', 'Sugar Baby (Trans)', 'Sugar Baby', 0, '1988-07-04', 61, 172.00, 84.00, 2, 5, 'South Eugenia', 'Tennessee', '36720-8692', 'Albania', '79019 Elwyn Brooks\nWest Walterville, WA 29491', 'Africa/Sao_Tome', 1, 'Quis dolorum dolore id est et. Officia reprehenderit qui sit qui facere similique. Perferendis ex sit dolorum perferendis autem debitis. Voluptatem atque maiores suscipit quas quia autem.', '15.947066', '108.060958', NULL, '2023-09-06 08:58:42', 0, 'Free', '2023-09-06', NULL, 0, 1, 0, 1, 1, 0, 1, 0, 1, 1, 0, 0, 1, '2023-09-06 03:59:01', '2023-09-06 03:59:01'),
(88, '1693990722$durgan.rodger@example.org', 'Belle', 'Block', 'raoul66', 'destany.jacobson@example.net', '$2y$10$vXY84bt6W7kAYwAoSKobxel0iXWgREULeWYWR1Yzg5KKly5qaQWZ2', '2023-09-06 03:58:42', 'Sugar Baby (Trans)', 'Sugar Baby (Mujer/Women)', 0, '1987-08-13', 60, 200.00, 122.00, 0, 0, 'South Cyril', 'Montana', '98665', 'Reunion', '654 Ariel Locks Apt. 289\nKathrynport, WI 45491', 'Pacific/Kwajalein', 0, 'Itaque delectus hic labore dolor repellat eveniet nihil. Ut provident ut cum magnam. Rerum eos voluptatem cumque alias amet aut iste vitae. Necessitatibus temporibus et molestiae architecto commodi. Vel illum veniam quod.', '8.490368', '-26.750965', NULL, '2023-09-06 08:58:42', 0, 'Free', '2023-09-06', NULL, 0, 1, 0, 1, 1, 1, 1, 1, 1, 1, 1, 1, 1, '2023-09-06 03:59:01', '2023-09-06 03:59:01'),
(89, '1693990722$marisa65@example.net', 'Ethelyn', 'Klein', 'paige.daniel', 'otilia.harvey@example.net', '$2y$10$xVF3sfGjIh.a2912nwVrue/lsEk3xRk9UWhcSW9kCJfddNZRsZb6y', '2023-09-06 03:58:42', 'Sugar Baby (Hombre/Man)', 'Sugar Baby (Trans)', 1, '1987-07-02', 51, 153.00, 108.00, 0, 2, 'North Turnerhaven', 'Alaska', '22205', 'Malaysia', '8217 Ava Coves\nKeeblerport, PA 19331', 'Atlantic/Canary', 0, 'Facilis suscipit odit optio officiis et eos suscipit quam. Fuga et dolor ut exercitationem pariatur. Velit laudantium molestiae non hic. Quod consectetur deserunt molestias autem explicabo molestiae.', '1.966187', '83.221911', NULL, '2023-09-06 08:58:42', 0, 'Free', '2023-09-06', NULL, 0, 0, 0, 1, 1, 0, 0, 0, 0, 0, 1, 0, 0, '2023-09-06 03:59:02', '2023-09-06 03:59:02'),
(90, '1693990722$ujohns@example.net', 'Cayla', 'Stracke', 'lillie.rippin', 'kylie.howell@example.org', '$2y$10$z7DcFwl2DTkdW/zu0pTs8uyn5osjSH3Htmzp7f.GpttXkV7qx.IZm', '2023-09-06 03:58:42', 'Sugar Baby (Mujer/Women)', 'Sugar Baby (Hombre/Man)', 0, '2002-05-14', 26, 200.00, 119.00, 2, 2, 'Smithview', 'Delaware', '37122', 'Morocco', '8136 Maynard Corner Suite 494\nWest Luluborough, NV 60572-1665', 'Atlantic/Canary', 1, 'Incidunt molestias inventore architecto eum soluta et veniam. Sed totam laborum animi esse aut et officiis molestias. Ea ut ut fugit sapiente quia eum.', '-35.787269', '96.084867', NULL, '2023-09-06 08:58:42', 0, 'Free', '2023-09-06', NULL, 0, 0, 0, 1, 1, 0, 1, 0, 0, 1, 1, 0, 0, '2023-09-06 03:59:02', '2023-09-06 03:59:02'),
(91, '1693990722$gstamm@example.com', 'Myriam', 'Stanton', 'eortiz', 'wintheiser.shyann@example.net', '$2y$10$asG/rttIEUaRC0ih8yeUAO8SKLjr5UL4Q.wQo9gZ/pk4/z5Zg.dI.', '2023-09-06 03:58:42', 'Sugar Daddy', 'Sugar Baby (Hombre/Man)', 0, '1999-12-25', 63, 150.00, 90.00, 3, 1, 'West Tommieton', 'Virginia', '71709', 'Belarus', '8986 Modesto Estates Suite 658\nTodview, CA 89056-7862', 'Pacific/Tahiti', 0, 'Reiciendis similique atque adipisci quis voluptatum necessitatibus commodi. Quasi beatae dolorum ut nostrum rerum architecto. Exercitationem et totam vel et vel.', '-76.161564', '-148.567156', NULL, '2023-09-06 08:58:42', 0, 'Free', '2023-09-06', NULL, 0, 1, 1, 1, 1, 0, 0, 1, 0, 0, 1, 1, 1, '2023-09-06 03:59:02', '2023-09-06 03:59:02'),
(92, '1693990722$nolan.jewell@example.net', 'Reva', 'Padberg', 'weber.valentin', 'adella88@example.com', '$2y$10$BQFSgyQgMuytSQU9Dqjfpu8ip.9c7/qjIP/UCX8ZNASRxpCDco4hG', '2023-09-06 03:58:42', 'Sugar Baby (Hombre/Man)', 'Sugar Baby (Hombre/Man)', 0, '1973-01-17', 45, 191.00, 123.00, 0, 6, 'New Edmundhaven', 'Maryland', '02118', 'Portugal', '249 Cruickshank Mission Apt. 882\nWest Vernice, SD 56224', 'Pacific/Guam', 2, 'Non repellendus ratione provident neque ullam dolores ut eos. Aut nemo dolore est minus ea. Ut cum quasi facilis vitae sit. Cum voluptates porro magni esse dignissimos culpa minus soluta.', '-45.857244', '-163.962745', NULL, '2023-09-06 08:58:42', 0, 'Free', '2023-09-06', NULL, 0, 1, 1, 1, 1, 0, 1, 0, 1, 0, 0, 1, 0, '2023-09-06 03:59:02', '2023-09-06 03:59:02'),
(93, '1693990722$gail53@example.net', 'Lois', 'Heaney', 'tremblay.alec', 'hailie44@example.com', '$2y$10$.yYO7rb9S3rJk5ZuB4QCaOfqYbZmRUdm6PjJf.fLTtuPgAIHR2yYe', '2023-09-06 03:58:42', 'Sugar Baby (Trans)', 'Sugar Baby (Hombre/Man)', 0, '1985-09-10', 24, 181.00, 84.00, 3, 1, 'Ambershire', 'Arkansas', '86813', 'Trinidad and Tobago', '5725 Allie Club\nEast Monserrat, AZ 20122-0866', 'Africa/Lagos', 0, 'Delectus illo delectus repudiandae quam. Commodi dolorem atque iste cupiditate sapiente dolore maiores. Labore iste et voluptatem est unde repellendus iure. Voluptates error autem ex recusandae dolores.', '33.038894', '-125.019852', NULL, '2023-09-06 08:58:42', 0, 'Free', '2023-09-06', NULL, 0, 1, 0, 1, 1, 1, 0, 1, 1, 1, 0, 0, 0, '2023-09-06 03:59:02', '2023-09-06 03:59:02'),
(94, '1693990722$bode.webster@example.com', 'Clair', 'McClure', 'lwitting', 'anastacio84@example.org', '$2y$10$FcL8LRBggzsqkEmFGwFc0u.ZFhoP5ElqdkW0raJMgdoD6wXm7nqQC', '2023-09-06 03:58:42', 'Sugar Baby (Mujer/Women)', 'Sugar Mommy', 1, '1997-08-29', 44, 180.00, 131.00, 0, 8, 'Yostburgh', 'Tennessee', '38064', 'United States Virgin Islands', '2736 Cole Courts Apt. 449\nSpencerborough, MO 46906', 'Asia/Thimphu', 2, 'Dolorem soluta praesentium dolorum a dolorum reprehenderit praesentium. Provident est saepe similique ut dolor in nobis. Est unde alias et dolorem. Sint eum earum nostrum non enim voluptas.', '23.062154', '-82.617131', NULL, '2023-09-06 08:58:42', 0, 'Free', '2023-09-06', NULL, 0, 1, 0, 1, 1, 0, 0, 1, 1, 0, 0, 0, 0, '2023-09-06 03:59:02', '2023-09-06 03:59:02'),
(95, '1693990722$jenkins.johann@example.com', 'Korey', 'O\'Reilly', 'natasha46', 'hane.stacy@example.com', '$2y$10$.Q7MT6ZVWNmpzvSMTPPxmu0tuPR.lq/FjPdQVLSzxVF66KzVEXjZS', '2023-09-06 03:58:43', 'Sugar Daddy Mommy', 'Sugar Baby (Mujer/Women)', 0, '2010-12-01', 37, 172.00, 65.00, 0, 8, 'D\'Amoreview', 'West Virginia', '12400', 'Korea', '308 Maryam Landing Suite 424\nHermanburgh, KY 68325', 'America/Fortaleza', 0, 'Eaque non voluptas minima debitis doloribus. Nihil dolor repellendus deleniti numquam accusantium. Tempora illum hic est praesentium. Quae saepe maxime autem nulla.', '50.361588', '81.05078', NULL, '2023-09-06 08:58:43', 0, 'Free', '2023-09-06', NULL, 0, 0, 0, 1, 1, 0, 1, 0, 0, 0, 1, 1, 1, '2023-09-06 03:59:02', '2023-09-06 03:59:02'),
(96, '1693990723$gcrona@example.org', 'Cornell', 'Sauer', 'kdaniel', 'vbeer@example.org', '$2y$10$/sTAbSwBkto4Mf0xkL9uQ.6y20gKhydISaPg1krCHkTyIy18EjqBy', '2023-09-06 03:58:43', 'Sugar Baby (Mujer/Women)', 'Sugar Baby (Hombre/Man)', 0, '2012-07-08', 47, 169.00, 89.00, 0, 0, 'Stehrville', 'California', '06866', 'Falkland Islands (Malvinas)', '971 Bergstrom Ways Suite 502\nPort Lilla, ID 80592', 'Pacific/Honolulu', 0, 'Ducimus magni in adipisci soluta. Ex suscipit velit dolorum ad minus vel aut. Voluptatem incidunt id libero quia blanditiis repudiandae. Odit dolores ipsam illo placeat incidunt. Eos aut atque rerum voluptas sed.', '-22.239349', '-142.295531', NULL, '2023-09-06 08:58:43', 0, 'Free', '2023-09-06', NULL, 0, 0, 0, 1, 1, 0, 0, 1, 1, 1, 0, 0, 0, '2023-09-06 03:59:02', '2023-09-06 03:59:02'),
(97, '1693990723$madie.abshire@example.com', 'Raphael', 'Stokes', 'sbecker', 'shields.minerva@example.net', '$2y$10$DZMN7qeRB1j/nZFAG4qlDuooFMZPOqUjMxmVVKMqzkovRhL/i4lNG', '2023-09-06 03:58:43', 'Sugar Baby (Hombre/Man)', 'Sugar Baby (Trans)', 1, '2001-01-08', 59, 181.00, 116.00, 1, 2, 'Arianehaven', 'New Jersey', '05149', 'Malaysia', '966 Murray Glen Suite 599\nNew Brycestad, WY 39574-3838', 'America/Winnipeg', 2, 'Iure est eos accusamus dignissimos quas eligendi. Culpa ad qui est dolores et eaque. Reiciendis maxime est explicabo dolorum.', '-12.74368', '167.024459', NULL, '2023-09-06 08:58:43', 0, 'Free', '2023-09-06', NULL, 0, 1, 0, 1, 1, 0, 0, 1, 0, 0, 1, 1, 1, '2023-09-06 03:59:02', '2023-09-06 03:59:02'),
(98, '1693990723$erika60@example.net', 'Irving', 'Barrows', 'ronny63', 'hermann.gavin@example.com', '$2y$10$c2IKAn6vq/gIGl9NC0ncruxDz0TVLWtr3QdbspFJa0aMDuGGIaOKK', '2023-09-06 03:58:43', 'Sugar Daddy Mommy', 'Sugar Daddy Mommy', 1, '1989-05-11', 40, 191.00, 47.00, 2, 2, 'East Chethaven', 'Nevada', '21072', 'Madagascar', '8066 Letha Ports Apt. 336\nWilfredohaven, TX 68023', 'Australia/Sydney', 2, 'Sapiente numquam quas id voluptatibus ipsam eligendi. Incidunt esse fuga qui facere libero possimus. Voluptatem velit aut dignissimos sapiente in. Placeat fuga sint at officia minus illum.', '-12.34428', '30.796221', NULL, '2023-09-06 08:58:43', 0, 'Free', '2023-09-06', NULL, 0, 0, 1, 1, 1, 1, 0, 0, 1, 0, 0, 1, 1, '2023-09-06 03:59:03', '2023-09-06 03:59:03'),
(99, '1693990723$dickens.bernardo@example.org', 'Julien', 'Koss', 'fbrakus', 'schiller.letitia@example.net', '$2y$10$yZH79DvLyKV12Juux6Lequs8yFYDgpXD3JvUcjJybmZbjNqYmGCqO', '2023-09-06 03:58:43', 'Sugar Daddy', 'Sugar Baby (Mujer/Women)', 0, '1973-12-04', 46, 154.00, 45.00, 1, 5, 'Lake Elenoraland', 'Georgia', '16827-2905', 'Cook Islands', '5396 Morar Spurs\nNew Ewell, DE 68656-3622', 'America/Guyana', 2, 'Quae culpa qui ad dolorem. Et repellat non voluptates velit. Eos molestiae sed nisi repellendus sed ea.', '39.604049', '-5.670896', NULL, '2023-09-06 08:58:43', 0, 'Free', '2023-09-06', NULL, 0, 0, 0, 1, 1, 1, 1, 0, 1, 0, 0, 1, 0, '2023-09-06 03:59:03', '2023-09-06 03:59:03'),
(100, '1693990723$meta.mccullough@example.com', 'Brett', 'Rempel', 'haag.alyson', 'waufderhar@example.org', '$2y$10$YQm/.T8pDtxctvxBEzgsP.WXBXb3wiOn341hNQz1Lmp/RrcTOsn5m', '2023-09-06 03:58:43', 'Sugar Baby (Trans)', 'Sugar Daddy Mommy', 0, '1983-08-09', 28, 157.00, 46.00, 2, 8, 'North Kraig', 'Indiana', '44735-7395', 'New Caledonia', '444 Metz Common Apt. 829\nNew Dinoton, WI 86789', 'Asia/Pontianak', 2, 'Rerum beatae debitis quis vel. Eos et qui rem explicabo. Laborum voluptatem voluptate dolor sint consequatur.', '-25.613314', '149.166806', NULL, '2023-09-06 08:58:43', 0, 'Free', '2023-09-06', NULL, 0, 1, 1, 1, 1, 0, 1, 1, 1, 1, 0, 0, 0, '2023-09-06 03:59:03', '2023-09-06 03:59:03'),
(101, '1693990723$cade.gislason@example.com', 'Allen', 'Mayert', 'gbauch', 'ileannon@example.com', '$2y$10$0eygRvUHtGFzjKREAgf9T.D.FZc6rBvwA7SZQZ1zZ604PllTXf9fi', '2023-09-06 03:58:43', 'Sugar Daddy Mommy', 'Sugar Daddy Mommy', 1, '2019-07-13', 58, 168.00, 131.00, 3, 7, 'Port Daphnee', 'Mississippi', '06146', 'Bolivia', '419 Larson Via Suite 822\nBreitenbergside, MI 79372-8556', 'America/Anguilla', 2, 'Vero sit modi voluptas. Ipsum consequatur ratione repellat velit aut sed omnis voluptatum.', '17.28846', '153.814043', NULL, '2023-09-06 08:58:43', 0, 'Free', '2023-09-06', NULL, 0, 1, 1, 1, 1, 0, 0, 1, 0, 0, 0, 0, 1, '2023-09-06 03:59:03', '2023-09-06 03:59:03'),
(102, '1693990723$leatha.armstrong@example.org', 'Yoshiko', 'Donnelly', 'hilbert.gleichner', 'fsmith@example.com', '$2y$10$dSs2m8JITrSY6GjvK0SFPuzxyfZ1aGKntsx.V2PS.q4yH9XmValWy', '2023-09-06 03:58:43', 'Sugar Baby (Mujer/Women)', 'Sugar Baby (Mujer/Women)', 1, '2000-01-02', 20, 168.00, 75.00, 0, 0, 'Wolfmouth', 'Montana', '64752-2513', 'Morocco', '707 Tyrese Prairie\nNew Derick, WY 97659-6384', 'America/Belize', 1, 'Aliquid a eum pariatur voluptas incidunt. Minus tenetur voluptatum ut molestiae soluta iusto. Et magni autem non.', '-30.883299', '-49.670482', NULL, '2023-09-06 08:58:43', 0, 'Free', '2023-09-06', NULL, 0, 1, 0, 1, 1, 1, 0, 0, 0, 1, 1, 0, 0, '2023-09-06 03:59:03', '2023-09-06 03:59:03'),
(103, '1693990723$schmeler.brendan@example.org', 'Talia', 'Kerluke', 'kassulke.reagan', 'margie67@example.com', '$2y$10$h4DWuHrbM6lFDJIq34xD1.XovhFWmpmtlIsfeuM2Kbm3IJnIJ/Chi', '2023-09-06 03:58:43', 'Sugar Baby (Trans)', 'Sugar Daddy Mommy', 1, '2002-10-27', 48, 156.00, 112.00, 2, 3, 'Zulaufhaven', 'Tennessee', '83981', 'Antarctica (the territory South of 60 deg S)', '73394 Hagenes Centers Suite 708\nEunatown, WA 46705-2011', 'Africa/Kigali', 1, 'Ut quaerat facere hic corporis ut quia. Dolorum fuga aut laboriosam aut aut voluptatem. Delectus praesentium eos enim ab.', '-9.149385', '-11.143732', NULL, '2023-09-06 08:58:43', 0, 'Free', '2023-09-06', NULL, 0, 1, 1, 1, 1, 1, 0, 0, 1, 0, 1, 1, 0, '2023-09-06 03:59:03', '2023-09-06 03:59:03'),
(104, '1693990723$daniel.rachelle@example.com', 'Bettye', 'Kohler', 'nikolaus.marjory', 'bnolan@example.com', '$2y$10$H3/yXeUhhKmyy2wxE9EmregCIvgnbCJucN7qUGEYrL/9JD7U6lh8W', '2023-09-06 03:58:43', 'Sugar Baby (Hombre/Man)', 'Sugar Baby (Hombre/Man)', 1, '2009-06-07', 57, 183.00, 112.00, 3, 8, 'Kunzefort', 'Maryland', '26803', 'Liechtenstein', '12719 Powlowski Springs Suite 245\nGaylordborough, NM 51476', 'America/Guyana', 1, 'Nobis impedit accusantium non illo ad. Voluptas delectus enim quo aut ut facere repudiandae. Aut commodi rerum voluptas voluptates. Quae omnis quia sed inventore veniam natus autem voluptatem.', '-30.984781', '114.018168', NULL, '2023-09-06 08:58:43', 0, 'Free', '2023-09-06', NULL, 0, 0, 0, 1, 1, 0, 1, 1, 0, 1, 0, 0, 1, '2023-09-06 03:59:03', '2023-09-06 03:59:03'),
(105, '1693990723$ruecker.jarvis@example.net', 'Syble', 'Howell', 'abdiel.stracke', 'bayer.donnell@example.org', '$2y$10$m2bTtBnt9XLXMT/KqCK7e.0Tk/XniSCl9BovY26GEMOx2yXwS8ibe', '2023-09-06 03:58:44', 'Sugar Daddy Mommy', 'Sugar Daddy', 0, '2011-11-21', 20, 160.00, 72.00, 2, 7, 'Jakubowskistad', 'Florida', '40505', 'Jamaica', '270 Antoinette Via Suite 961\nJanietown, DE 21537', 'America/Glace_Bay', 2, 'Expedita vero quidem iste nihil quis in. Illo autem error omnis nihil quibusdam sint ut aliquid. Officiis nostrum id omnis vel quia debitis. Incidunt quia autem dolores ut odio.', '-46.991436', '-164.351317', NULL, '2023-09-06 08:58:44', 0, 'Free', '2023-09-06', NULL, 0, 0, 1, 1, 1, 1, 0, 1, 0, 0, 0, 1, 0, '2023-09-06 03:59:03', '2023-09-06 03:59:03'),
(106, '1693990724$brown.verona@example.org', 'Michaela', 'Little', 'justine.thompson', 'lhowell@example.com', '$2y$10$RhzHPUgT.gEFyI8i64Hu..JuAB1Y.vBdd/t4WBTVuqCN2e11EFOPi', '2023-09-06 03:58:44', 'Sugar Daddy Mommy', 'Sugar Baby (Trans)', 1, '1990-10-06', 41, 167.00, 89.00, 1, 5, 'North Ferne', 'Delaware', '05410-6600', 'Guyana', '1301 Parisian Row\nJoshuahmouth, NY 49957', 'America/Cayenne', 2, 'Nihil autem facilis quasi. Dolores ut aliquid eum rerum. Autem ipsa unde consequatur recusandae ea est dolorem.', '-2.199344', '-40.433556', NULL, '2023-09-06 08:58:44', 0, 'Free', '2023-09-06', NULL, 0, 1, 1, 1, 1, 1, 1, 1, 0, 0, 0, 0, 0, '2023-09-06 03:59:03', '2023-09-06 03:59:03'),
(107, '1693990724$fpfannerstill@example.net', 'Andre', 'Yost', 'qjacobi', 'belle.marks@example.org', '$2y$10$GtdORrwBAwHEJNAv0DHOpe3JNMUVg90nVtG/Wt12QFYHDbEFNPUWW', '2023-09-06 03:58:44', 'Sugar Baby (Trans)', 'Sugar Baby', 0, '2017-09-10', 56, 159.00, 101.00, 0, 4, 'South Armand', 'Hawaii', '73920', 'Uganda', '6472 Rosario Creek\nSouth Janiyaview, LA 29337', 'Asia/Qostanay', 1, 'Sequi possimus fuga ratione est assumenda harum. Facilis ipsam recusandae quia sed.', '77.508722', '35.131365', NULL, '2023-09-06 08:58:44', 0, 'Free', '2023-09-06', NULL, 0, 1, 1, 1, 1, 0, 0, 1, 1, 1, 0, 1, 0, '2023-09-06 03:59:03', '2023-09-06 03:59:03'),
(108, '1693990724$bertha.ledner@example.org', 'Weldon', 'Medhurst', 'bert.bartoletti', 'katarina.heidenreich@example.org', '$2y$10$AM54I5O1Jk5GOO1Dt9Vx8.IFv31nP2F8CbOHqvI/0pAyJNZ8JPg5i', '2023-09-06 03:58:44', 'Sugar Baby (Hombre/Man)', 'Sugar Baby', 1, '2022-03-26', 19, 167.00, 72.00, 0, 6, 'West Bessieville', 'South Carolina', '25006', 'Finland', '86998 Bednar Coves\nPort Destini, TN 55313-9199', 'Asia/Almaty', 2, 'Sit molestias dolores eveniet voluptatum. Eligendi commodi ullam dolor ullam quasi laborum nesciunt. Aspernatur in quaerat qui omnis. Delectus aut aut ut blanditiis molestiae autem tempora nemo.', '39.943729', '-123.988616', NULL, '2023-09-06 08:58:44', 0, 'Free', '2023-09-06', NULL, 0, 1, 1, 1, 1, 0, 1, 1, 0, 0, 1, 0, 0, '2023-09-06 03:59:04', '2023-09-06 03:59:04'),
(109, '1693990724$lowe.boyd@example.com', 'Electa', 'Littel', 'emelia.schaden', 'dora76@example.org', '$2y$10$qUcjxsVxOd3DpmOpZXZYYeaCaumVFnSTaKaX6v8r1vg01lqv211zW', '2023-09-06 03:58:44', 'Sugar Baby (Trans)', 'Sugar Baby (Mujer/Women)', 1, '1989-08-03', 38, 180.00, 137.00, 2, 6, 'New Ebba', 'Kansas', '72417-2720', 'British Indian Ocean Territory (Chagos Archipelago)', '731 Terrill Forge Apt. 793\nSigmundbury, KS 20980', 'Asia/Vientiane', 0, 'Necessitatibus inventore consequuntur cumque dolorum similique. Sed sit laborum consequuntur eum quaerat. Sint ratione iure sit enim provident et. Quam eius doloremque et explicabo omnis et magnam. Quo eum sit aut.', '-2.513252', '129.966567', NULL, '2023-09-06 08:58:44', 0, 'Free', '2023-09-06', NULL, 0, 1, 1, 1, 1, 0, 0, 0, 1, 1, 1, 1, 1, '2023-09-06 03:59:04', '2023-09-06 03:59:04'),
(110, '1693990724$lynn00@example.org', 'Jennyfer', 'Roberts', 'alivia.heller', 'dmann@example.net', '$2y$10$L5ozoCJl858fix7HfYIX1.uLtpRGFiizWbyTkFp36pOWrwF/1Qf3K', '2023-09-06 03:58:44', 'Sugar Baby (Trans)', 'Sugar Baby (Trans)', 0, '1972-05-13', 27, 174.00, 138.00, 0, 6, 'Streichland', 'Illinois', '46846', 'Greece', '8543 Abernathy Junction Apt. 015\nNew Shane, MN 96380', 'America/St_Barthelemy', 1, 'Dolores aliquid et tenetur soluta est. Voluptas corporis vitae aut blanditiis nobis. Repellat nam reprehenderit vitae repudiandae. Commodi cupiditate dolor debitis rerum dolorem.', '69.760803', '-102.132481', NULL, '2023-09-06 08:58:44', 0, 'Free', '2023-09-06', NULL, 0, 1, 0, 1, 1, 1, 0, 0, 0, 1, 1, 1, 1, '2023-09-06 03:59:04', '2023-09-06 03:59:04'),
(111, '1693990724$hellen.sipes@example.net', 'Demond', 'Herzog', 'zwolff', 'kdavis@example.com', '$2y$10$/XEsIQtN9Br1x.i7JTe.v.Rurb7LNG/Abg29VtXHMbQEm/taGqfke', '2023-09-06 03:58:44', 'Sugar Baby (Trans)', 'Sugar Baby (Hombre/Man)', 1, '1991-04-09', 52, 169.00, 70.00, 1, 8, 'Blockchester', 'Ohio', '85686', 'Mauritania', '6785 Lebsack Gardens Apt. 634\nNew Enaton, SD 88339-3029', 'America/Guayaquil', 0, 'Id voluptatem repellendus quis in qui aliquam. Veniam animi adipisci enim quaerat. In nobis beatae fuga ipsam dolores.', '78.624334', '61.760828', NULL, '2023-09-06 08:58:44', 0, 'Free', '2023-09-06', NULL, 0, 0, 1, 1, 1, 0, 1, 1, 1, 0, 0, 1, 1, '2023-09-06 03:59:04', '2023-09-06 03:59:04'),
(112, '1693990724$wunsch.justus@example.net', 'Reymundo', 'Renner', 'thompson.emory', 'jany85@example.net', '$2y$10$957A/pKOkwxaZZKkyUU..uAgHZr15E5H35MvVe.qRuq5rp2wdlmk2', '2023-09-06 03:58:44', 'Sugar Daddy', 'Sugar Daddy', 1, '1995-07-09', 40, 154.00, 51.00, 1, 4, 'Gusikowskiside', 'Texas', '29932-5439', 'Somalia', '454 Kilback Fort\nPort Heloisebury, NC 96724', 'Pacific/Majuro', 1, 'Modi necessitatibus labore ut nihil et iusto. Minus omnis mollitia consectetur suscipit. Aut aut quae voluptatum sed cum.', '-44.016871', '148.074386', NULL, '2023-09-06 08:58:44', 0, 'Free', '2023-09-06', NULL, 0, 0, 1, 1, 1, 0, 1, 1, 1, 0, 1, 1, 0, '2023-09-06 03:59:04', '2023-09-06 03:59:04'),
(113, '1693990724$xoconnell@example.com', 'Vincenza', 'Connelly', 'hank70', 'corine.kutch@example.com', '$2y$10$iNSCnU6.xuuyOQl.aGiswOVNvvyWppM3c9KXwD/aLCvgue1um3JNO', '2023-09-06 03:58:44', 'Sugar Baby (Hombre/Man)', 'Sugar Mommy', 0, '1984-06-28', 35, 158.00, 108.00, 0, 2, 'Lake Jessfurt', 'Idaho', '59129-0646', 'Armenia', '3814 Elvis Crescent\nMayestad, OR 07617-0569', 'America/Miquelon', 1, 'Est eaque consequatur rerum distinctio hic aut. Tenetur accusamus natus dolorem et et magni tempore. Magnam hic aut sunt unde.', '79.621707', '-15.093734', NULL, '2023-09-06 08:58:44', 0, 'Free', '2023-09-06', NULL, 0, 0, 0, 1, 1, 0, 0, 1, 0, 1, 1, 0, 1, '2023-09-06 03:59:04', '2023-09-06 03:59:04'),
(114, '1693990724$ignacio.rutherford@example.org', 'Lorenzo', 'Krajcik', 'astrid77', 'zieme.keyshawn@example.net', '$2y$10$YN1x8cJU8e8ponam9.zNjeVCRuoulqb6.IBfP2kJlyAM5qUfc7tjy', '2023-09-06 03:58:44', 'Sugar Daddy Mommy', 'Sugar Daddy', 0, '1990-04-14', 64, 162.00, 110.00, 2, 2, 'West Rachaelton', 'Colorado', '10879', 'Yemen', '68792 Rodrigo Shoals Suite 246\nKemmerton, CT 54969', 'Asia/Yerevan', 2, 'Exercitationem sunt ea rerum est qui optio. Consequuntur atque voluptatum id dolorem est et nesciunt et. Non ut non ex.', '-20.112863', '130.10725', NULL, '2023-09-06 08:58:44', 0, 'Free', '2023-09-06', NULL, 0, 1, 0, 1, 1, 0, 0, 1, 1, 0, 1, 1, 0, '2023-09-06 03:59:04', '2023-09-06 03:59:04'),
(115, '1693990724$tyrel.vandervort@example.org', 'Melany', 'Barton', 'herman43', 'boyer.muriel@example.org', '$2y$10$vZ1wQV1NQYR9mt78kyj6Ye2sh9EDdCd2a1BQkWMbEqi2scU6JaLey', '2023-09-06 03:58:44', 'Sugar Mommy', 'Sugar Baby (Mujer/Women)', 1, '1980-01-16', 29, 150.00, 125.00, 1, 4, 'Hansenborough', 'Michigan', '38180-0027', 'Colombia', '135 Kaley Falls\nLeifview, LA 13164', 'Africa/Kinshasa', 0, 'Voluptas fuga enim sunt nam. Earum ipsum recusandae et inventore a asperiores. Quas voluptatum et qui aut.', '49.002818', '-104.663357', NULL, '2023-09-06 08:58:44', 0, 'Free', '2023-09-06', NULL, 0, 0, 0, 1, 1, 0, 0, 0, 1, 1, 0, 0, 1, '2023-09-06 03:59:04', '2023-09-06 03:59:04'),
(116, '1693990724$estell55@example.com', 'Sabina', 'Shanahan', 'heber.smith', 'nikolaus.melyna@example.net', '$2y$10$Xxihy7whd24M516goEEGp.U.BEpBsHiX21hg7xz3z9taMeV2kMa5.', '2023-09-06 03:58:45', 'Sugar Mommy', 'Sugar Mommy', 1, '2015-12-01', 58, 181.00, 65.00, 1, 6, 'New Cydney', 'Oregon', '74298-2280', 'French Southern Territories', '43537 Bahringer Lock Apt. 835\nHoraciobury, OK 80755', 'America/El_Salvador', 1, 'Ut enim ex enim labore magnam. At libero voluptatibus quia ducimus et natus. Provident aut accusamus reprehenderit modi est. Odit molestias eum provident pariatur consectetur quia perspiciatis. Adipisci excepturi adipisci quis corrupti et at eaque.', '-61.689162', '177.677576', NULL, '2023-09-06 08:58:45', 0, 'Free', '2023-09-06', NULL, 0, 1, 1, 1, 1, 1, 0, 0, 1, 0, 1, 0, 1, '2023-09-06 03:59:04', '2023-09-06 03:59:04'),
(117, '1693990725$dare.eugene@example.net', 'Gracie', 'Schneider', 'maurice35', 'gmetz@example.org', '$2y$10$RAnzqLuABRxESH83MRozQ.1eT0TqW/ls8FPVcK2WvVmMCkzWD2mDO', '2023-09-06 03:58:45', 'Sugar Baby', 'Sugar Mommy', 1, '2020-04-14', 70, 175.00, 40.00, 0, 5, 'Schambergermouth', 'Iowa', '81401', 'Madagascar', '511 Fisher Ford\nCarmelfurt, KS 59336', 'Europe/Sarajevo', 0, 'Explicabo voluptatibus neque ab fugiat. Voluptatibus quibusdam occaecati consequatur nobis. Quibusdam aut voluptatem tenetur sunt in.', '-26.29572', '-0.917235', NULL, '2023-09-06 08:58:45', 0, 'Free', '2023-09-06', NULL, 0, 1, 1, 1, 1, 1, 0, 0, 1, 1, 1, 1, 0, '2023-09-06 03:59:04', '2023-09-06 03:59:04'),
(118, '1693990725$abshire.anika@example.org', 'Tia', 'Muller', 'nader.leta', 'emmanuel13@example.net', '$2y$10$/V9eL4ssRG.yBqB4N1EWz.AlRt/rofiViwiCaK9Ai8nq144Y6GJ0m', '2023-09-06 03:58:45', 'Sugar Baby (Trans)', 'Sugar Mommy', 1, '1981-03-06', 45, 160.00, 126.00, 1, 2, 'Schinnermouth', 'New Mexico', '84924', 'Bahrain', '820 Huels Knolls Suite 912\nEast Sedrick, OK 77133', 'America/Yakutat', 1, 'Aut alias vel eius ut laboriosam. Repellat officia ad enim autem qui suscipit odio. Quis totam perferendis illum et et neque corporis.', '-31.935341', '137.586398', NULL, '2023-09-06 08:58:45', 0, 'Free', '2023-09-06', NULL, 0, 0, 1, 1, 1, 1, 1, 0, 0, 0, 0, 1, 0, '2023-09-06 03:59:04', '2023-09-06 03:59:04'),
(119, '1693990725$margarita35@example.org', 'Bret', 'Johns', 'alysa68', 'leatha49@example.org', '$2y$10$0EmZFTAukqkprQnjMnr/G.ANb6QBkonvM/pFBjqVUsz8ma4LcdONi', '2023-09-06 03:58:45', 'Sugar Daddy', 'Sugar Baby (Mujer/Women)', 1, '2023-07-04', 29, 192.00, 73.00, 1, 7, 'West Erika', 'Texas', '16389-7980', 'Thailand', '3240 Branson Passage Suite 269\nBernierland, CO 37964-7722', 'Europe/Berlin', 1, 'Et dignissimos laboriosam qui est nostrum velit. Reprehenderit et aut sunt aspernatur. Laborum necessitatibus est molestiae distinctio aspernatur quam. Ipsum ipsam nam sunt nihil quis accusamus.', '-83.759896', '164.57621', NULL, '2023-09-06 08:58:45', 0, 'Free', '2023-09-06', NULL, 0, 0, 1, 1, 1, 1, 1, 0, 0, 1, 1, 1, 0, '2023-09-06 03:59:04', '2023-09-06 03:59:04'),
(120, '1693990725$olson.destany@example.org', 'Dorian', 'Vandervort', 'lwuckert', 'hosea93@example.com', '$2y$10$as9UIOSJIak8tjdmYApXfuGgIN98lhbINF5LuDmxlQ/F/f9HSPSeG', '2023-09-06 03:58:45', 'Sugar Baby (Mujer/Women)', 'Sugar Daddy Mommy', 0, '1996-06-29', 62, 189.00, 145.00, 0, 6, 'Lake Roslynfort', 'Delaware', '20031', 'Pitcairn Islands', '50026 Kody Flat Suite 625\nMurazikchester, KS 23549-2396', 'America/Indiana/Tell_City', 0, 'Nisi nemo nobis accusantium. Qui odit reiciendis accusantium sit soluta quas. Molestiae quaerat voluptatem saepe ipsa sed.', '-81.775749', '-115.384279', NULL, '2023-09-06 08:58:45', 0, 'Free', '2023-09-06', NULL, 0, 1, 0, 1, 1, 0, 1, 0, 1, 0, 1, 1, 1, '2023-09-06 03:59:04', '2023-09-06 03:59:04'),
(121, '1693990725$bashirian.jayda@example.com', 'Madeline', 'Halvorson', 'bernadine26', 'bziemann@example.com', '$2y$10$BlgTfq9jGfkI94hlGPP9peM1u2di7cVN0g4Shb0JOL/w0pzUK2..a', '2023-09-06 03:58:45', 'Sugar Baby (Hombre/Man)', 'Sugar Baby (Mujer/Women)', 1, '2014-04-28', 35, 177.00, 117.00, 3, 2, 'Lake Kennedifurt', 'Nebraska', '28458-3805', 'Ethiopia', '1104 Elliott Stravenue Suite 326\nLake Orvilleport, WA 39639-5248', 'America/Cuiaba', 0, 'Nulla aliquid magnam at facere eius qui animi. Assumenda mollitia repellat ex id. Voluptas nemo consequatur rem voluptatem provident rerum. Eum esse repellendus ut omnis eos pariatur.', '41.431834', '-169.937393', NULL, '2023-09-06 08:58:45', 0, 'Free', '2023-09-06', NULL, 0, 1, 0, 1, 1, 0, 0, 0, 1, 0, 0, 0, 1, '2023-09-06 03:59:04', '2023-09-06 03:59:04'),
(122, '1693990725$abigayle86@example.org', 'Stewart', 'Zemlak', 'qbartell', 'jarmstrong@example.org', '$2y$10$SSbbqY6P0/JNMIKbx4fHYO.oJxx4HQQfOVV0IsEh0rquHSB3EZ.9K', '2023-09-06 03:58:45', 'Sugar Baby', 'Sugar Daddy', 0, '2020-11-18', 22, 192.00, 124.00, 0, 1, 'Delmerport', 'Delaware', '02083-9822', 'Brazil', '810 Lesley Circle\nNew Samanta, DE 42450', 'Europe/Kaliningrad', 0, 'Nisi possimus omnis distinctio nesciunt occaecati enim. Alias et officia quasi aliquid. Saepe quo quis quo sed. In deserunt ut voluptatem officia id soluta.', '13.448745', '153.747725', NULL, '2023-09-06 08:58:45', 0, 'Free', '2023-09-06', NULL, 0, 0, 1, 1, 1, 1, 0, 1, 1, 1, 0, 1, 0, '2023-09-06 03:59:05', '2023-09-06 03:59:05'),
(123, '1693990725$adriana29@example.org', 'Leone', 'Schamberger', 'alabadie', 'janis32@example.org', '$2y$10$IeqJA357FY.fa3MooWfvr.3p.MvBOtofln2L2/LXXmeRU6Z472GTG', '2023-09-06 03:58:45', 'Sugar Mommy', 'Sugar Mommy', 0, '2015-02-14', 60, 160.00, 42.00, 1, 5, 'Lake Donald', 'South Dakota', '39751', 'Djibouti', '37112 Murazik Mills\nLake Rudyfurt, MA 85509-6024', 'Europe/Zagreb', 2, 'Minus eos et et et consequatur. Qui amet qui enim odit laboriosam. Velit enim sed earum qui voluptatibus magni. Et ut quae distinctio aut in.', '-5.892437', '-80.890682', NULL, '2023-09-06 08:58:45', 0, 'Free', '2023-09-06', NULL, 0, 1, 0, 1, 1, 0, 1, 0, 1, 1, 1, 1, 0, '2023-09-06 03:59:05', '2023-09-06 03:59:05'),
(124, '1693990725$veum.alberta@example.net', 'Halie', 'Keeling', 'quinton00', 'price.carmella@example.com', '$2y$10$ViO4CuH9/nGKEQv9XKa6u.f2CrHUj9dntiNRSzWCu1OiIRhT1MWNq', '2023-09-06 03:58:45', 'Sugar Daddy Mommy', 'Sugar Baby', 1, '1977-09-14', 57, 160.00, 110.00, 1, 3, 'Howellside', 'Virginia', '71964', 'Dominica', '44205 Carlee Roads Suite 883\nNew Ryan, FL 55506', 'America/Yakutat', 1, 'Non culpa velit commodi mollitia aspernatur maiores omnis. Repellendus omnis dicta vel. In molestias dolorem impedit. Magnam odit sunt cupiditate et.', '80.659212', '-136.955667', NULL, '2023-09-06 08:58:45', 0, 'Free', '2023-09-06', NULL, 0, 1, 0, 1, 1, 0, 0, 1, 0, 1, 0, 0, 0, '2023-09-06 03:59:05', '2023-09-06 03:59:05'),
(125, '1693990725$jeramie05@example.net', 'Bartholome', 'Willms', 'zmills', 'vivienne63@example.com', '$2y$10$S4lW6Oay5F8VctYpvxvDueHjNDRwy7rZ4dXNx6glqTeXp0tOS.skC', '2023-09-06 03:58:45', 'Sugar Baby (Mujer/Women)', 'Sugar Daddy Mommy', 0, '1976-03-16', 45, 193.00, 107.00, 2, 4, 'South Kevenburgh', 'Florida', '41675-5840', 'Svalbard & Jan Mayen Islands', '801 Itzel Station\nLake Jamesonville, IA 53269-2198', 'Indian/Mauritius', 0, 'Ut iure a delectus beatae nemo voluptatem quidem. Quia assumenda neque adipisci molestiae eligendi. Delectus reprehenderit consectetur cum sed ut doloribus saepe.', '-61.586162', '116.146792', NULL, '2023-09-06 08:58:45', 0, 'Free', '2023-09-06', NULL, 0, 0, 0, 1, 1, 0, 1, 1, 1, 1, 0, 0, 1, '2023-09-06 03:59:05', '2023-09-06 03:59:05'),
(126, '1693990725$tania.damore@example.com', 'Sammie', 'Bechtelar', 'elaina.rosenbaum', 'vjohnston@example.org', '$2y$10$2tLZkCuI5tIZCMqg.vChsOdYYlP3GW/iiA7/FOq9N07eyBbO8WGpm', '2023-09-06 03:58:46', 'Sugar Daddy', 'Sugar Daddy Mommy', 1, '1983-02-12', 36, 197.00, 84.00, 1, 6, 'Okunevahaven', 'North Carolina', '28157', 'Germany', '6485 Lang Turnpike Apt. 926\nJoneschester, NY 28367', 'Pacific/Port_Moresby', 2, 'Doloremque id vel facilis qui omnis velit esse odit. Dicta sed assumenda velit perferendis et eveniet. Nobis mollitia a omnis magnam adipisci. Totam sapiente corporis asperiores at.', '-51.726683', '-26.94079', NULL, '2023-09-06 08:58:46', 0, 'Free', '2023-09-06', NULL, 0, 0, 0, 1, 1, 0, 0, 1, 1, 0, 0, 1, 1, '2023-09-06 03:59:05', '2023-09-06 03:59:05'),
(127, '1693990726$karelle.sanford@example.org', 'Peggie', 'Terry', 'walker40', 'fstoltenberg@example.org', '$2y$10$p7WI5CmfUUOjLLv1z2ho3.f2ut9PtqANzGjAWuc1IO32ISG1WgsL2', '2023-09-06 03:58:46', 'Sugar Baby (Mujer/Women)', 'Sugar Daddy', 0, '2001-08-23', 23, 186.00, 65.00, 2, 5, 'Swiftfort', 'Illinois', '77866-5235', 'French Southern Territories', '2423 Chadd Streets\nPort Dorthatown, UT 06596', 'America/Martinique', 1, 'Dicta iste et autem minus earum aut. Fugit qui quas eum voluptas. Aliquid dolores distinctio ut adipisci. Ut dicta deserunt error ut dolor nostrum quia nisi.', '-27.110051', '-30.063976', NULL, '2023-09-06 08:58:46', 0, 'Free', '2023-09-06', NULL, 0, 0, 1, 1, 1, 1, 1, 0, 1, 1, 1, 1, 0, '2023-09-06 03:59:05', '2023-09-06 03:59:05'),
(128, '1693990726$stark.cordia@example.com', 'Madisyn', 'McKenzie', 'olen.dickinson', 'vicenta.ernser@example.net', '$2y$10$64nm9Gd/.zCygSZz7/pCdO1UlJw0tJ1UBRaLmML2CASzYhTyNjNwi', '2023-09-06 03:58:46', 'Sugar Daddy Mommy', 'Sugar Baby (Mujer/Women)', 1, '2015-03-28', 28, 196.00, 70.00, 3, 6, 'Ferryville', 'South Carolina', '86193-1182', 'Ecuador', '4320 Granville Parkways\nEast Carlos, ID 03287-5855', 'America/Curacao', 2, 'Non voluptatem et consequatur vel. Accusamus nam ipsum et ut. Id corrupti rerum aliquid optio delectus eius.', '58.621012', '18.340651', NULL, '2023-09-06 08:58:46', 0, 'Free', '2023-09-06', NULL, 0, 1, 1, 1, 1, 1, 1, 0, 0, 0, 0, 1, 1, '2023-09-06 03:59:05', '2023-09-06 03:59:05'),
(129, '1693990726$karl.eichmann@example.org', 'Sammy', 'Hegmann', 'jerrell.wolff', 'ada14@example.org', '$2y$10$4U7GnzO23QswEtXh2QeRQOc92wQKtEWlYkQNBQMlIbsRzMofuiLvW', '2023-09-06 03:58:46', 'Sugar Baby (Hombre/Man)', 'Sugar Baby (Hombre/Man)', 1, '2002-01-10', 41, 187.00, 63.00, 3, 1, 'South America', 'District of Columbia', '52843-3911', 'Guyana', '38531 Kilback Skyway\nKurtside, CA 69044-5222', 'Africa/Bangui', 2, 'Provident quis sit nemo labore. Magnam sint ducimus aut autem dolore ducimus est. Eius sed sint odit totam corporis nesciunt ipsum. Architecto facilis inventore sit occaecati sed molestias non.', '8.012104', '166.791542', NULL, '2023-09-06 08:58:46', 0, 'Free', '2023-09-06', NULL, 0, 0, 1, 1, 1, 1, 0, 0, 0, 0, 0, 1, 1, '2023-09-06 03:59:05', '2023-09-06 03:59:05'),
(130, '1693990726$eden67@example.net', 'Kyler', 'Sipes', 'hsteuber', 'srussel@example.com', '$2y$10$M9136vLcjmDiAR5fiWCP5OnE8Zy2sQryWgmp8GMoOHdzjlg1ryEsa', '2023-09-06 03:58:46', 'Sugar Baby (Mujer/Women)', 'Sugar Baby (Trans)', 1, '2013-05-20', 29, 168.00, 122.00, 2, 6, 'East Gerardo', 'Connecticut', '75512-9566', 'Qatar', '5255 Landen Way\nAmyaport, VT 29808-5102', 'Europe/Tallinn', 2, 'Quaerat illum nobis eos et. Incidunt quas dignissimos ut ut omnis aut vel. Commodi non magnam qui et deserunt quia fugiat. Dolor laboriosam tempore deleniti ut omnis.', '27.93627', '146.760889', NULL, '2023-09-06 08:58:46', 0, 'Free', '2023-09-06', NULL, 0, 0, 0, 1, 1, 0, 1, 1, 0, 1, 1, 0, 1, '2023-09-06 03:59:05', '2023-09-06 03:59:05'),
(131, '1693990726$halvorson.wellington@example.org', 'Durward', 'Koss', 'melba02', 'schamberger.braden@example.net', '$2y$10$NuDXRbEnqBRSjXBBDlLSgOi0aCBP2cv7UTloWSB5Sgq1YCq5YSn3e', '2023-09-06 03:58:46', 'Sugar Baby', 'Sugar Baby (Mujer/Women)', 0, '1996-01-30', 63, 155.00, 140.00, 0, 4, 'New Natalie', 'Montana', '72125', 'Brazil', '51233 Roxanne Isle\nPort Gladysmouth, WV 52395-2154', 'Africa/Porto-Novo', 1, 'Et error ratione provident. Aut in nihil ratione illo qui perspiciatis. Tempore delectus maiores perferendis natus qui asperiores vero.', '-9.27031', '-43.624422', NULL, '2023-09-06 08:58:46', 0, 'Free', '2023-09-06', NULL, 0, 1, 1, 1, 1, 0, 0, 1, 1, 0, 1, 1, 1, '2023-09-06 03:59:05', '2023-09-06 03:59:05'),
(132, '1693990726$xcorwin@example.org', 'Kayden', 'Zulauf', 'patience.quigley', 'lind.zena@example.com', '$2y$10$2WDmTjwLjkogJycuMb5OMeiEafRuefzyUUqLvkq5rrsq9hV9Ue4Zi', '2023-09-06 03:58:46', 'Sugar Daddy Mommy', 'Sugar Mommy', 1, '2015-10-01', 61, 168.00, 66.00, 3, 7, 'Cassinmouth', 'Oklahoma', '94304-3816', 'Zimbabwe', '679 Labadie Viaduct Suite 128\nWest Carrieside, DE 34774-7252', 'America/Tortola', 2, 'Sint id iusto necessitatibus et. Voluptates rerum dolor quas minus quaerat blanditiis est. Saepe omnis ut earum molestiae. Et dolorem quo qui ullam illum at eum. Hic delectus provident quia odio velit repudiandae qui.', '34.961145', '-124.88432', NULL, '2023-09-06 08:58:46', 0, 'Free', '2023-09-06', NULL, 0, 1, 1, 1, 1, 0, 1, 1, 1, 0, 1, 1, 0, '2023-09-06 03:59:05', '2023-09-06 03:59:05'),
(133, '1693990726$sylvia21@example.net', 'Brad', 'Hyatt', 'mgrant', 'ybayer@example.net', '$2y$10$ox8xO02SwmOEt9bQDHQh7usBTD1CFCPid4U0UZsj6Tr.5KvOs4v8a', '2023-09-06 03:58:46', 'Sugar Daddy Mommy', 'Sugar Baby (Mujer/Women)', 0, '1980-04-20', 42, 169.00, 81.00, 1, 2, 'Yadirachester', 'South Carolina', '47958-2415', 'Zambia', '448 Abagail Cove\nWest Jacky, TX 18862-5142', 'Africa/Khartoum', 2, 'Illo voluptatem a et repellendus quia asperiores. Aut magnam quasi quia aut placeat. Labore voluptatem dignissimos velit quis qui. Iusto hic aliquam libero nemo maiores esse. Unde est nulla excepturi beatae deleniti optio.', '-36.346324', '84.096419', NULL, '2023-09-06 08:58:46', 0, 'Free', '2023-09-06', NULL, 0, 0, 1, 1, 1, 0, 0, 1, 1, 0, 1, 0, 0, '2023-09-06 03:59:05', '2023-09-06 03:59:05'),
(134, '1693990726$samanta.frami@example.net', 'Guy', 'Mann', 'klocko.alfredo', 'lionel.waters@example.com', '$2y$10$A5dTT.g.xqmsHnNCkA2OdOFAO9J4ll0GOkO9jKz9t9Sgf.J.fzvmq', '2023-09-06 03:58:47', 'Sugar Baby (Hombre/Man)', 'Sugar Baby', 1, '2015-08-15', 26, 167.00, 41.00, 3, 6, 'Romaguerashire', 'Alabama', '99163', 'South Africa', '48106 Timothy Tunnel\nNew Esperanza, MO 36731', 'Indian/Cocos', 1, 'Animi suscipit nam eligendi. Modi autem amet laborum. Ea facilis dolores debitis voluptate dolorem. Velit illo voluptatem omnis tempore.', '-16.07116', '54.286804', NULL, '2023-09-06 08:58:47', 0, 'Free', '2023-09-06', NULL, 0, 0, 1, 1, 1, 0, 0, 1, 0, 0, 0, 1, 1, '2023-09-06 03:59:05', '2023-09-06 03:59:05'),
(135, '1693990727$alyson.johnston@example.net', 'Gaetano', 'Feest', 'schumm.camryn', 'rowe.emely@example.net', '$2y$10$sNImqC/cq.OqO7wOOyBybe2z95JWf1AVz9XrxBDXFkM8P3dCfcA2q', '2023-09-06 03:58:47', 'Sugar Baby (Mujer/Women)', 'Sugar Daddy', 0, '2020-06-13', 30, 187.00, 144.00, 3, 3, 'South Genovevaton', 'Iowa', '11432-5781', 'Christmas Island', '910 Johnson Creek Apt. 755\nEast Dalefurt, DE 34190', 'America/Paramaribo', 2, 'Et quia rerum odio a et aut. Harum est dolores facere aut sapiente. Aut quaerat dolor molestiae rerum.', '70.288247', '-47.772918', NULL, '2023-09-06 08:58:47', 0, 'Free', '2023-09-06', NULL, 0, 1, 1, 1, 1, 1, 0, 0, 1, 1, 1, 0, 1, '2023-09-06 03:59:05', '2023-09-06 03:59:05'),
(136, '1693990727$hilbert.wuckert@example.net', 'Melba', 'Herzog', 'peter79', 'domenica.botsford@example.net', '$2y$10$OrhcJSdvE0UuTqGHB8R4NOjVEoyylb299N6vzHs2QRAeZlHcmAKOi', '2023-09-06 03:58:47', 'Sugar Daddy', 'Sugar Mommy', 0, '1971-03-09', 69, 159.00, 107.00, 0, 8, 'Dashawnville', 'Washington', '68018', 'Uganda', '976 Schneider Meadows\nHermistonberg, OH 26882-0311', 'Africa/Lusaka', 1, 'Et ducimus delectus ut aut itaque voluptatibus. Quo deserunt unde magni facere iure. Voluptatibus ut autem possimus fugiat.', '45.288231', '147.302685', NULL, '2023-09-06 08:58:47', 0, 'Free', '2023-09-06', NULL, 0, 1, 0, 1, 1, 1, 0, 0, 0, 0, 1, 1, 0, '2023-09-06 03:59:05', '2023-09-06 03:59:05'),
(137, '1693990727$raymond.kautzer@example.net', 'Marcelina', 'Halvorson', 'pdietrich', 'bmorissette@example.com', '$2y$10$0aN9pdGfN.KmqCGXp5ZlcOD/FoiLYx2MykudMXsbnJPSSvFwv9zSq', '2023-09-06 03:58:47', 'Sugar Baby (Hombre/Man)', 'Sugar Daddy Mommy', 1, '2006-03-29', 66, 193.00, 105.00, 1, 6, 'Ryanchester', 'South Carolina', '11977', 'Nicaragua', '527 Gutkowski Ford\nHyattside, ID 77503', 'Australia/Brisbane', 1, 'Eum velit ea voluptas. Ut blanditiis et quo corporis libero. Placeat aperiam non placeat consequatur.', '-75.106907', '-158.413172', NULL, '2023-09-06 08:58:47', 0, 'Free', '2023-09-06', NULL, 0, 1, 1, 1, 1, 1, 1, 1, 0, 0, 0, 0, 0, '2023-09-06 03:59:05', '2023-09-06 03:59:05');
INSERT INTO `users` (`id`, `unique_id`, `first_name`, `last_name`, `username`, `email`, `password`, `email_verified_at`, `iam`, `interestedin`, `financial_support`, `dob`, `age`, `height`, `weight`, `body_type`, `child`, `city`, `state`, `zipcode`, `country`, `address`, `timezone`, `gender`, `about_me`, `latitude`, `longitude`, `profile_image`, `last_login`, `membership_type`, `membership_price`, `membership_start`, `membership_end`, `membership_status`, `marital_status`, `privacy_status`, `verify_status`, `status`, `show_last_login`, `block_male_msg`, `block_female_msg`, `block_trans_msg`, `block_all_email`, `block_money_making_opp_email`, `block_local_event_meet_up_email`, `block_like_favorite_email`, `created_at`, `updated_at`) VALUES
(138, '1693990727$marshall.jakubowski@example.org', 'Wava', 'Stehr', 'prosacco.kenneth', 'parker.joey@example.net', '$2y$10$zjtWQyG3H.KNSmnk1vsxUe7/IM40tjqbKRKKx6e7W9.3xn3NH9UdG', '2023-09-06 03:58:47', 'Sugar Daddy Mommy', 'Sugar Baby', 1, '2015-04-11', 20, 161.00, 111.00, 0, 2, 'Alysastad', 'Wyoming', '58575-3761', 'Saint Pierre and Miquelon', '15517 Hildegard Fields Apt. 497\nDaisytown, NM 60234', 'Africa/Nouakchott', 2, 'Quibusdam quia minus et perferendis quam esse quo. Libero hic ut eaque rem quo. Voluptas eius dolore quia non debitis omnis eaque.', '-3.286685', '-105.064201', NULL, '2023-09-06 08:58:47', 0, 'Free', '2023-09-06', NULL, 0, 0, 0, 1, 1, 1, 1, 0, 0, 0, 1, 0, 1, '2023-09-06 03:59:05', '2023-09-06 03:59:05'),
(139, '1693990727$adams.queen@example.org', 'Chelsea', 'Kertzmann', 'emoore', 'heath.rogahn@example.org', '$2y$10$kYNCARq2xGaXMI4qaDrK7eA7V43KgDajUoneApG2oVgMtuo4iYHKK', '2023-09-06 03:58:47', 'Sugar Baby (Hombre/Man)', 'Sugar Daddy', 1, '1974-06-20', 51, 164.00, 53.00, 3, 4, 'Port Nameburgh', 'South Carolina', '90741', 'Andorra', '965 Kiehn Lights\nWest Zenashire, VT 97288', 'Pacific/Chatham', 2, 'Possimus dolores sit voluptas et. Laboriosam expedita eum placeat saepe nesciunt. In facere saepe quia. Deserunt minus debitis animi quod similique aut.', '6.896656', '-23.688403', NULL, '2023-09-06 08:58:47', 0, 'Free', '2023-09-06', NULL, 0, 0, 0, 1, 1, 1, 0, 1, 0, 0, 0, 0, 0, '2023-09-06 03:59:05', '2023-09-06 03:59:05'),
(140, '1693990727$michaela12@example.net', 'Chance', 'Hoppe', 'nschinner', 'kylee37@example.org', '$2y$10$JUkSNqDrdYAlOq/ouyQEnewGv9fXXZzYRpfmE/lBaRzM5qz/sKdPO', '2023-09-06 03:58:47', 'Sugar Daddy', 'Sugar Baby (Hombre/Man)', 1, '2004-05-01', 24, 183.00, 112.00, 0, 4, 'Lake Ramonachester', 'Delaware', '07902', 'Cyprus', '96436 Jacobs Mission\nTowneside, MS 23709-0414', 'America/Danmarkshavn', 0, 'Sunt ab quo aperiam ipsum quia quis tenetur. Eum dolores voluptatem repellendus vel. Voluptatem quo possimus nihil explicabo. Vel cum beatae odio aut doloremque at libero voluptas.', '83.355344', '8.925173', NULL, '2023-09-06 08:58:47', 0, 'Free', '2023-09-06', NULL, 0, 0, 1, 1, 1, 0, 0, 0, 0, 0, 0, 1, 1, '2023-09-06 03:59:06', '2023-09-06 03:59:06'),
(141, '1693990727$qbalistreri@example.org', 'Aric', 'Bartoletti', 'gudrun.thiel', 'sierra52@example.com', '$2y$10$fw2jHBvOG2G5cdMrM/wxMuhV/1OwRN0gAcjcFQeiLXYf8L45DyMx6', '2023-09-06 03:58:47', 'Sugar Daddy Mommy', 'Sugar Baby (Trans)', 1, '2021-10-30', 34, 177.00, 147.00, 3, 5, 'Port Averyberg', 'Pennsylvania', '84468', 'Maldives', '607 Julio Extension\nSouth Susie, CO 74585-5999', 'Pacific/Tahiti', 2, 'Dolorum cupiditate libero quam non optio qui. Et amet soluta velit et beatae nostrum ipsa. Quam culpa quas suscipit vitae dolor. Magnam quia iure iure nulla.', '3.380666', '152.929841', NULL, '2023-09-06 08:58:47', 0, 'Free', '2023-09-06', NULL, 0, 1, 1, 1, 1, 1, 0, 1, 0, 0, 0, 1, 1, '2023-09-06 03:59:06', '2023-09-06 03:59:06'),
(142, '1693990727$bruce77@example.org', 'Daryl', 'Miller', 'blanda.drake', 'laury.watsica@example.org', '$2y$10$0AF/4sotiqGMdkq9zQAU.uEDORGaGgCOd6xKi81ZUIxlRxiznTT6S', '2023-09-06 03:58:47', 'Sugar Baby', 'Sugar Baby (Hombre/Man)', 0, '2008-06-30', 66, 158.00, 84.00, 3, 8, 'Jackyville', 'Washington', '01732-0582', 'United States of America', '9464 Hagenes Locks Suite 461\nNorth Rhiannonmouth, NM 14047', 'Asia/Novokuznetsk', 0, 'Magni possimus enim fuga laborum a doloribus officiis. Quod voluptatem sunt esse saepe saepe. Non et corrupti numquam similique dolores quisquam est non.', '64.269273', '163.090764', NULL, '2023-09-06 08:58:47', 0, 'Free', '2023-09-06', NULL, 0, 1, 1, 1, 1, 0, 0, 0, 0, 0, 1, 1, 1, '2023-09-06 03:59:06', '2023-09-06 03:59:06'),
(143, '1693990727$griffin06@example.net', 'Esmeralda', 'Schulist', 'dhand', 'jamarcus.jones@example.net', '$2y$10$KUIY1MTv5xYTJPIBTVTkNe1rSX/fLxP3CzEg8gBzsdxWXarXuVdeq', '2023-09-06 03:58:48', 'Sugar Mommy', 'Sugar Daddy Mommy', 0, '2017-06-03', 47, 172.00, 94.00, 1, 0, 'Estefaniaton', 'Montana', '21991', 'Russian Federation', '22707 Rozella Green\nSouth Alverta, KS 71037-5702', 'America/Blanc-Sablon', 0, 'Temporibus suscipit et molestias quia laborum aspernatur repellendus quia. Numquam vitae quae aut. Dicta vel sed eius. Minus culpa accusamus sed fuga. Non harum debitis libero aspernatur harum.', '41.917391', '94.50158', NULL, '2023-09-06 08:58:48', 0, 'Free', '2023-09-06', NULL, 0, 0, 1, 1, 1, 0, 1, 0, 1, 1, 0, 1, 1, '2023-09-06 03:59:06', '2023-09-06 03:59:06'),
(144, '1693990728$kilback.norris@example.net', 'Donnie', 'Hane', 'meghan54', 'yazmin.rempel@example.net', '$2y$10$xZ/H/uGsr/bU/qICO3M1gOGcXQEi7PxG2ynSvCve42as/P.WKGBD6', '2023-09-06 03:58:48', 'Sugar Baby (Mujer/Women)', 'Sugar Baby (Hombre/Man)', 0, '1989-05-31', 23, 172.00, 117.00, 1, 7, 'Lake Adolfo', 'Utah', '31045', 'Japan', '381 Mariana Junction Apt. 614\nSouth Johan, IA 50749-1452', 'Pacific/Tarawa', 2, 'Praesentium libero voluptatem maxime nam autem. Perferendis cumque incidunt voluptate ipsam nam blanditiis est. Non et aut sequi. Sed sit quae nobis aut.', '28.252658', '109.226891', NULL, '2023-09-06 08:58:48', 0, 'Free', '2023-09-06', NULL, 0, 0, 1, 1, 1, 1, 1, 1, 0, 0, 0, 1, 1, '2023-09-06 03:59:06', '2023-09-06 03:59:06'),
(145, '1693990728$gkemmer@example.com', 'Riley', 'Cassin', 'schaden.araceli', 'simonis.finn@example.com', '$2y$10$5ABcsQtVoishh94H.c5Mvup.sRW7IHBLQpGWYjnA8Z1Zo0O5tKc4u', '2023-09-06 03:58:48', 'Sugar Baby (Hombre/Man)', 'Sugar Baby', 1, '1979-07-27', 27, 180.00, 78.00, 0, 0, 'East Jose', 'Maryland', '76775', 'Turks and Caicos Islands', '17360 Morissette Walk Suite 455\nLeuschkefurt, MS 65660-7175', 'Atlantic/Madeira', 1, 'Rerum quasi deleniti sed laborum odit at necessitatibus. Provident distinctio doloremque tempora eaque. Ducimus qui deleniti sed.', '29.317825', '146.422314', NULL, '2023-09-06 08:58:48', 0, 'Free', '2023-09-06', NULL, 0, 1, 1, 1, 1, 0, 1, 0, 0, 0, 0, 0, 1, '2023-09-06 03:59:06', '2023-09-06 03:59:06'),
(146, '1693990728$xzavier.barton@example.org', 'Myles', 'Watsica', 'vmarks', 'aabernathy@example.org', '$2y$10$t/k8oRe94lwnTeNNwMMMpu.JA0AGrU91C1fy0k78pCqI6xaQEQc4i', '2023-09-06 03:58:48', 'Sugar Baby', 'Sugar Baby (Trans)', 1, '1992-03-27', 69, 192.00, 83.00, 1, 3, 'Shaynemouth', 'Texas', '75166', 'United States of America', '22290 Flatley Circle\nHyattton, KY 40995-3302', 'Pacific/Port_Moresby', 2, 'Aperiam dolorem consequatur deserunt blanditiis assumenda aliquid nihil. Non esse unde harum doloremque et maxime sed. Dolor labore architecto quaerat est.', '27.250305', '39.475325', NULL, '2023-09-06 08:58:48', 0, 'Free', '2023-09-06', NULL, 0, 1, 1, 1, 1, 0, 0, 1, 0, 0, 0, 0, 0, '2023-09-06 03:59:06', '2023-09-06 03:59:06'),
(147, '1693990728$leanna75@example.com', 'Shany', 'Boyer', 'shanahan.ruby', 'retha22@example.net', '$2y$10$aHbboARUncs3Ntfr3ewVTuLKiOyy48J45DcmksQs2tXOZkbFBSOYq', '2023-09-06 03:58:48', 'Sugar Daddy', 'Sugar Mommy', 1, '2016-12-19', 64, 153.00, 87.00, 1, 1, 'Katherineshire', 'Montana', '16833', 'Romania', '59427 Trantow Plaza Suite 983\nCamillastad, NH 85719', 'America/Winnipeg', 0, 'Ea reprehenderit et nobis sit eum vel est. Magnam qui ut accusamus reiciendis.', '6.62347', '127.725145', NULL, '2023-09-06 08:58:48', 0, 'Free', '2023-09-06', NULL, 0, 1, 1, 1, 1, 0, 1, 0, 1, 0, 0, 0, 0, '2023-09-06 03:59:06', '2023-09-06 03:59:06'),
(148, '1693990728$makayla.trantow@example.org', 'Cordie', 'Waters', 'von.fritz', 'kendra69@example.net', '$2y$10$D2r9Do45kT/9h4KxteYcH.iR/GWQVyFNhTNhdigK5NKpeMgjS/2MW', '2023-09-06 03:58:48', 'Sugar Baby (Trans)', 'Sugar Baby (Hombre/Man)', 0, '2013-09-05', 35, 167.00, 73.00, 3, 2, 'Beierview', 'New Jersey', '86545', 'Guyana', '54799 Rogelio Ridges\nMertzchester, ME 71543-9345', 'America/St_Thomas', 1, 'Maiores facere tempora voluptatibus et perferendis enim consequatur. Minus qui aut et labore. Perspiciatis ut provident dignissimos voluptas odit qui quis.', '-66.721983', '175.314983', NULL, '2023-09-06 08:58:48', 0, 'Free', '2023-09-06', NULL, 0, 0, 0, 1, 1, 1, 1, 0, 0, 1, 1, 0, 1, '2023-09-06 03:59:06', '2023-09-06 03:59:06'),
(149, '1693990728$braun.briana@example.org', 'Bridgette', 'Stiedemann', 'boyle.matteo', 'corkery.brook@example.org', '$2y$10$hwiqTc.ExGB2TODD/vAYGumGtH3YMqgXIMuZmBeKPzyPzcZiuwXxW', '2023-09-06 03:58:48', 'Sugar Baby (Mujer/Women)', 'Sugar Daddy Mommy', 1, '1974-06-25', 56, 153.00, 79.00, 0, 3, 'West Tara', 'Georgia', '98161', 'Chad', '582 Kautzer Wall Suite 765\nLake Kadestad, OH 46169', 'Asia/Tehran', 1, 'Illo qui optio et veritatis. Quibusdam maiores et rerum sunt id dolores architecto. Explicabo est velit rerum rerum ea doloremque atque.', '37.962313', '142.233728', NULL, '2023-09-06 08:58:48', 0, 'Free', '2023-09-06', NULL, 0, 0, 1, 1, 1, 1, 1, 1, 1, 0, 1, 1, 0, '2023-09-06 03:59:06', '2023-09-06 03:59:06'),
(150, '1693990728$logan.hahn@example.com', 'Werner', 'Smitham', 'paucek.efren', 'xgrant@example.net', '$2y$10$M9skK1D0J1lYr3urwlzfr.SmShKQeLxs83P3eq.E3QyndLrzyMNjq', '2023-09-06 03:58:48', 'Sugar Mommy', 'Sugar Baby (Trans)', 1, '1983-12-07', 24, 194.00, 111.00, 3, 2, 'East Sonyatown', 'Minnesota', '69346', 'Montenegro', '1464 Shaun Road\nKihnfurt, WV 25446', 'Australia/Sydney', 1, 'Laboriosam alias ab blanditiis magni. Est soluta veritatis vel inventore facere aperiam. Ipsam et id doloremque officiis itaque tempora sapiente.', '28.029438', '-161.662328', NULL, '2023-09-06 08:58:48', 0, 'Free', '2023-09-06', NULL, 0, 1, 0, 1, 1, 1, 1, 1, 1, 1, 0, 0, 0, '2023-09-06 03:59:06', '2023-09-06 03:59:06'),
(151, '1693990728$hyatt.jedediah@example.com', 'Elwin', 'Roob', 'hintz.alfreda', 'bruen.gwendolyn@example.net', '$2y$10$iLbvW3n7deRE8IywkfkRNe3d17BVtNDBQ/SUQjxCIisg860VHVUGW', '2023-09-06 03:58:49', 'Sugar Baby (Mujer/Women)', 'Sugar Baby (Hombre/Man)', 0, '2005-11-16', 66, 165.00, 92.00, 0, 0, 'New Jeremieville', 'Tennessee', '33182', 'Hong Kong', '49625 Jimmy Crossroad Apt. 650\nNorth Marlinview, TX 82104', 'Pacific/Noumea', 0, 'Sunt dolore eius tempore dicta voluptates qui deleniti. Et distinctio hic alias aut laboriosam amet. Et est est tempora explicabo non aspernatur.', '-11.92165', '-131.817423', NULL, '2023-09-06 08:58:49', 0, 'Free', '2023-09-06', NULL, 0, 1, 0, 1, 1, 0, 1, 1, 0, 0, 1, 0, 1, '2023-09-06 03:59:06', '2023-09-06 03:59:06'),
(152, '1693990729$goconner@example.com', 'Kaleigh', 'Bernier', 'wiegand.austyn', 'istokes@example.org', '$2y$10$TKM0EmZrpgZOrNSxiiAhweX4MM6Y7J8qr8s9DIWsiro3CM4qUtajm', '2023-09-06 03:58:49', 'Sugar Daddy', 'Sugar Mommy', 1, '1974-12-13', 60, 167.00, 150.00, 1, 5, 'Leilanishire', 'South Dakota', '69741', 'Swaziland', '39459 Torrey Mall Suite 280\nLynchshire, HI 89532-5789', 'America/Guyana', 0, 'Dolorem saepe itaque et at. Sed quis id dicta dolor aut ut velit. Tenetur quam eos tempora ipsa tenetur.', '-7.057834', '-164.34162', NULL, '2023-09-06 08:58:49', 0, 'Free', '2023-09-06', NULL, 0, 0, 0, 1, 1, 0, 0, 1, 1, 1, 1, 1, 1, '2023-09-06 03:59:06', '2023-09-06 03:59:06'),
(153, '1693990729$ttorp@example.org', 'Roman', 'Ferry', 'madisen18', 'ethyl.schmitt@example.org', '$2y$10$LPu8ynagTMyntObUp5hhRO/LT1jynQp9MGGwkRukE4h0MJwrZPs2y', '2023-09-06 03:58:49', 'Sugar Baby (Mujer/Women)', 'Sugar Baby (Hombre/Man)', 1, '2021-02-18', 40, 173.00, 127.00, 3, 1, 'Maximillianfurt', 'Missouri', '89964-8796', 'Brazil', '76988 Hudson Causeway Apt. 557\nPrestonport, IA 82855-3649', 'Africa/Nouakchott', 1, 'Omnis reiciendis architecto sed ipsum aut quod quas quia. Ut a magnam harum. Veritatis qui aut delectus est veritatis.', '-36.760139', '-103.554158', NULL, '2023-09-06 08:58:49', 0, 'Free', '2023-09-06', NULL, 0, 1, 0, 1, 1, 0, 1, 1, 1, 1, 1, 0, 1, '2023-09-06 03:59:06', '2023-09-06 03:59:06'),
(154, '1693990729$jast.leola@example.com', 'Tressie', 'Wiegand', 'orlando.hessel', 'larkin.helena@example.net', '$2y$10$84d.qfpUvtSQQDEK55q3leSXylkoZ8kCnyKksSGQKGBcnIJkdZ19W', '2023-09-06 03:58:49', 'Sugar Baby (Mujer/Women)', 'Sugar Baby (Hombre/Man)', 1, '2013-10-22', 65, 170.00, 108.00, 0, 2, 'South Clevefurt', 'New York', '76622-7035', 'Gabon', '8308 Molly Loop Apt. 041\nNorth Priceside, VT 65609', 'America/Vancouver', 2, 'Rem est maxime ut fugiat adipisci sed temporibus dolorem. Ullam dolorem est possimus dolorem doloribus. Asperiores quo nobis quibusdam nostrum optio. Consequatur neque blanditiis et non animi iusto. Corrupti recusandae beatae ea voluptatem totam.', '46.908351', '46.118897', NULL, '2023-09-06 08:58:49', 0, 'Free', '2023-09-06', NULL, 0, 0, 0, 1, 1, 1, 1, 0, 0, 0, 0, 1, 1, '2023-09-06 03:59:06', '2023-09-06 03:59:06'),
(155, '1693990729$marina56@example.org', 'Felicita', 'Waelchi', 'eheathcote', 'gharber@example.com', '$2y$10$xe0Z6lsNq.eS/MWCKsxo9.lFJ7GVXmRUfAtGFjThIToitLJwaRORS', '2023-09-06 03:58:49', 'Sugar Baby (Mujer/Women)', 'Sugar Baby (Trans)', 1, '1977-08-16', 56, 183.00, 68.00, 1, 0, 'Laurietown', 'Maine', '55623-5542', 'Tanzania', '9265 Denesik Forest\nKohlertown, AK 90483-8324', 'Australia/Hobart', 2, 'Corporis et dolorem accusamus nulla eos non. Sint velit voluptatem occaecati nam. Nulla et qui illum rerum dolore occaecati iste.', '7.179379', '-69.506047', NULL, '2023-09-06 08:58:49', 0, 'Free', '2023-09-06', NULL, 0, 0, 0, 1, 1, 0, 0, 0, 1, 1, 0, 1, 0, '2023-09-06 03:59:06', '2023-09-06 03:59:06'),
(156, '1693990729$murphy.summer@example.org', 'Kadin', 'Hermann', 'minerva84', 'kking@example.net', '$2y$10$CQbtVD1q4jt158tDTRz9mOb5Oe/XOFxyk1Mx98IqXZevEom2Y58oq', '2023-09-06 03:58:49', 'Sugar Daddy Mommy', 'Sugar Baby (Mujer/Women)', 0, '1987-04-20', 36, 176.00, 77.00, 3, 4, 'Ahmedside', 'Michigan', '78709-2193', 'Cayman Islands', '66807 Lauren Forks Suite 429\nGreenfelderstad, MN 26402-0910', 'America/Jamaica', 0, 'Et omnis consequatur omnis velit veniam. Necessitatibus quia exercitationem est tempora aliquid. Consequatur asperiores neque enim rerum ullam et vel.', '1.271418', '54.771905', NULL, '2023-09-06 08:58:49', 0, 'Free', '2023-09-06', NULL, 0, 0, 1, 1, 1, 1, 0, 1, 1, 0, 1, 1, 1, '2023-09-06 03:59:06', '2023-09-06 03:59:06'),
(157, '1693990729$lea89@example.net', 'Sabryna', 'Hermiston', 'gislason.piper', 'dangelo.carter@example.com', '$2y$10$.gfPrPc8Pier5vcl1e1AzOmNNKRich5o5.Lt0mu5cueciEO9KDEi2', '2023-09-06 03:58:49', 'Sugar Mommy', 'Sugar Daddy', 0, '1976-07-12', 30, 171.00, 44.00, 3, 5, 'New Omer', 'North Carolina', '75667-6192', 'Suriname', '94173 Natasha Knoll Suite 187\nNorth Kaelyn, IL 78150-0776', 'America/Kentucky/Louisville', 1, 'Eum in eveniet quia et. Architecto excepturi delectus ut est. Facilis sed praesentium molestiae veritatis similique a.', '46.66549', '15.136362', NULL, '2023-09-06 08:58:49', 0, 'Free', '2023-09-06', NULL, 0, 0, 0, 1, 1, 1, 1, 0, 1, 1, 0, 1, 1, '2023-09-06 03:59:06', '2023-09-06 03:59:06'),
(158, '1693990729$zoila69@example.org', 'Wilbert', 'Bailey', 'maybell40', 'usatterfield@example.net', '$2y$10$PjKfNwBKZ3kkYB3.ddeIYeFh4O2bxkH3Y3hWngWbAQ58GFojtzL6q', '2023-09-06 03:58:49', 'Sugar Mommy', 'Sugar Baby', 1, '1979-07-07', 20, 173.00, 76.00, 2, 4, 'East Ramonton', 'Delaware', '41202-1413', 'Panama', '6807 Herman Lodge Suite 687\nSkyemouth, TN 85260-2144', 'Africa/Banjul', 2, 'Nesciunt ab suscipit rem magnam necessitatibus qui. Inventore dolorum et distinctio. Atque dolores rem vitae officiis ut.', '42.88137', '-112.817487', NULL, '2023-09-06 08:58:49', 0, 'Free', '2023-09-06', NULL, 0, 1, 1, 1, 1, 1, 0, 1, 1, 0, 1, 0, 0, '2023-09-06 03:59:07', '2023-09-06 03:59:07'),
(159, '1693990729$kaylie.daugherty@example.org', 'Nicolette', 'Kling', 'yost.archibald', 'madisyn.oreilly@example.net', '$2y$10$.buVL2ufpRdmAYdHUp8gm.tRvosCVtg1xFCZTJIPp4OzzU.fXGY/O', '2023-09-06 03:58:49', 'Sugar Daddy', 'Sugar Baby (Trans)', 1, '1994-04-09', 19, 170.00, 66.00, 1, 4, 'East Julie', 'Maryland', '11495', 'Sao Tome and Principe', '132 Jillian Fall\nLake Kanefort, ME 46691', 'Africa/Ndjamena', 2, 'Debitis ipsa ratione qui qui et ipsa molestiae. Enim quae perspiciatis accusantium et. Necessitatibus ipsum non harum corporis est et quis.', '3.155006', '-54.556686', NULL, '2023-09-06 08:58:49', 0, 'Free', '2023-09-06', NULL, 0, 0, 1, 1, 1, 0, 1, 1, 0, 0, 0, 0, 0, '2023-09-06 03:59:07', '2023-09-06 03:59:07'),
(160, '1693990729$donato40@example.net', 'Abdullah', 'Little', 'nils.jaskolski', 'kelsi.hayes@example.com', '$2y$10$UoeQODCks0pdNddT94eFkewkYeudxldBGThrQJtqmSDP6sJIULcuO', '2023-09-06 03:58:49', 'Sugar Daddy Mommy', 'Sugar Baby (Hombre/Man)', 0, '2007-04-15', 34, 161.00, 64.00, 3, 7, 'South Victoria', 'Delaware', '62494', 'Cape Verde', '760 Shyanne Squares Apt. 046\nHuelshaven, DE 69947-5075', 'Asia/Muscat', 0, 'Vitae consequatur dolore earum excepturi sunt laborum. Quo unde quia voluptas quas maxime voluptatum. Est totam ut aperiam vitae eum commodi. Quod occaecati corrupti quae quos natus voluptatem nesciunt. Neque dolorum laudantium eveniet suscipit ut.', '-16.870025', '42.054784', NULL, '2023-09-06 08:58:49', 0, 'Free', '2023-09-06', NULL, 0, 0, 1, 1, 1, 1, 0, 1, 0, 0, 1, 1, 1, '2023-09-06 03:59:07', '2023-09-06 03:59:07'),
(161, '1693990729$mccullough.easton@example.org', 'Tyrique', 'Erdman', 'terry.brandon', 'acartwright@example.net', '$2y$10$sKsr1X3pg0t2rJhIiZeW/OCG6cANUihLunYX6uwT0KsodVwT8JnXS', '2023-09-06 03:58:49', 'Sugar Baby (Trans)', 'Sugar Daddy Mommy', 0, '1989-01-04', 44, 167.00, 136.00, 3, 1, 'South Diegoborough', 'Indiana', '63591-6577', 'Iran', '601 Gleichner Shoals\nLake Dahlia, WV 31305', 'America/Argentina/Cordoba', 2, 'Minima repellat ipsum rerum harum libero ut. Quia velit ullam voluptatem sed necessitatibus. Vel aperiam voluptatem vel quibusdam sit est.', '-87.881486', '11.378712', NULL, '2023-09-06 08:58:49', 0, 'Free', '2023-09-06', NULL, 0, 1, 0, 1, 1, 0, 1, 0, 0, 0, 0, 1, 1, '2023-09-06 03:59:07', '2023-09-06 03:59:07'),
(162, '1693990729$kmaggio@example.net', 'Joana', 'Greenholt', 'magnus41', 'kaitlin28@example.org', '$2y$10$TrFOjb30ghZdbAXK/5L4le6aKHvbLN9zEWhAXa0aAf5/swCBgj8ze', '2023-09-06 03:58:50', 'Sugar Mommy', 'Sugar Baby', 0, '2020-10-16', 48, 166.00, 143.00, 2, 7, 'Kaiabury', 'Nebraska', '92140-9397', 'Kyrgyz Republic', '43156 Hyman Road Suite 372\nNorth Gilbert, SD 67921', 'Africa/El_Aaiun', 2, 'Molestiae labore minima autem numquam nobis id. Cumque eveniet voluptas sequi consectetur et libero. Quia odit exercitationem quas rerum.', '22.419862', '175.827709', NULL, '2023-09-06 08:58:50', 0, 'Free', '2023-09-06', NULL, 0, 1, 1, 1, 1, 1, 1, 1, 1, 1, 1, 1, 1, '2023-09-06 03:59:07', '2023-09-06 03:59:07'),
(163, '1693990730$kstanton@example.com', 'Lisa', 'Parisian', 'dfarrell', 'akautzer@example.org', '$2y$10$VWnuuK4EAgONp9t/hvE1DuL7MMY5H9YBUHCBEciw3zdbGSfCN4y1K', '2023-09-06 03:58:50', 'Sugar Mommy', 'Sugar Baby (Hombre/Man)', 0, '1992-10-01', 44, 176.00, 79.00, 2, 0, 'New Montana', 'Utah', '58031-7089', 'China', '79438 Daphnee Light\nNew Elenora, TX 46179-3466', 'Pacific/Fakaofo', 0, 'Excepturi ut et et et a ad. Eveniet voluptatem dolores a ut velit aperiam. Tempore et esse omnis fugit hic non perferendis aliquid.', '85.683353', '94.928611', NULL, '2023-09-06 08:58:50', 0, 'Free', '2023-09-06', NULL, 0, 1, 1, 1, 1, 0, 0, 0, 0, 1, 1, 0, 1, '2023-09-06 03:59:07', '2023-09-06 03:59:07'),
(164, '1693990730$gislason.damon@example.net', 'Justyn', 'Ondricka', 'khaag', 'qcollins@example.org', '$2y$10$XAJ7cKj8R1.vJu6PbXI6dOfKwfB5gA695cSKujvrue9gU8yP3iO4.', '2023-09-06 03:58:50', 'Sugar Baby (Trans)', 'Sugar Baby (Trans)', 0, '2002-01-27', 56, 172.00, 69.00, 1, 2, 'New Tom', 'Wyoming', '54371', 'Mali', '35518 Nolan Rue\nSophiaburgh, CA 13278-7825', 'Atlantic/Madeira', 2, 'Dolores cumque iusto debitis aut facilis error id. Et aut quo quos voluptas. Est rerum et amet. Quia hic et iste provident ex.', '82.938837', '-70.12962', NULL, '2023-09-06 08:58:50', 0, 'Free', '2023-09-06', NULL, 0, 0, 1, 1, 1, 0, 1, 1, 1, 0, 0, 0, 0, '2023-09-06 03:59:07', '2023-09-06 03:59:07'),
(165, '1693990730$ullrich.pearline@example.net', 'Syble', 'Gusikowski', 'emiliano06', 'gorczany.josiane@example.net', '$2y$10$tDvThhzgYfOqGNW28v98MurgGqBkr6cBDIpwwoXmVl18oL89fWTi6', '2023-09-06 03:58:50', 'Sugar Daddy Mommy', 'Sugar Baby (Mujer/Women)', 1, '1990-06-10', 68, 197.00, 76.00, 3, 0, 'Lake Harold', 'Texas', '96145', 'Bolivia', '7652 Klein Stream\nImaberg, MS 22112-4309', 'Africa/Dakar', 2, 'Possimus in alias odio doloribus illum voluptatem occaecati. Quia deleniti autem officia temporibus velit voluptatem esse. Aut blanditiis ut quo aliquid pariatur ut.', '57.738232', '115.399396', NULL, '2023-09-06 08:58:50', 0, 'Free', '2023-09-06', NULL, 0, 0, 0, 1, 1, 1, 1, 1, 0, 0, 0, 0, 1, '2023-09-06 03:59:07', '2023-09-06 03:59:07'),
(166, '1693990730$carter86@example.net', 'Abdullah', 'Gleason', 'nlueilwitz', 'roob.orville@example.org', '$2y$10$RYDE0Jq.x8vGDd3/uAbzveNx5IYCEvnnI2IanWSdpaE./ehqTV4m2', '2023-09-06 03:58:50', 'Sugar Daddy', 'Sugar Mommy', 1, '1982-10-10', 65, 197.00, 90.00, 3, 1, 'New Maci', 'Michigan', '58265-9127', 'Brazil', '8723 Leif Mill\nWest Hazelport, DC 32234', 'Africa/Brazzaville', 2, 'Molestiae suscipit sit quo ipsa itaque placeat. Consequatur rerum assumenda architecto corporis quas porro repellat omnis. Sed dicta earum non. Ut aut eos explicabo est nostrum.', '-2.791421', '12.886693', NULL, '2023-09-06 08:58:50', 0, 'Free', '2023-09-06', NULL, 0, 1, 0, 1, 1, 1, 0, 0, 1, 1, 0, 0, 0, '2023-09-06 03:59:07', '2023-09-06 03:59:07'),
(167, '1693990730$qdicki@example.net', 'Emmanuel', 'Stiedemann', 'heaven41', 'iweber@example.com', '$2y$10$YnVMefJoIJQUBkMi0bK/9Of1OIWYs2FBKfjcyo.rUZXYSWpjExSEO', '2023-09-06 03:58:50', 'Sugar Baby (Mujer/Women)', 'Sugar Daddy Mommy', 1, '2006-09-07', 34, 184.00, 126.00, 1, 6, 'Roobbury', 'Kentucky', '39488-9489', 'Congo', '8646 Bashirian Ridge Apt. 772\nMcCulloughshire, OK 04036-9202', 'Indian/Comoro', 2, 'Veniam sit ullam quam similique animi quod est consequuntur. Laudantium facere dicta iure ipsum cupiditate consectetur consequatur. Fugit odit veritatis ut est nostrum.', '52.345917', '78.654046', NULL, '2023-09-06 08:58:50', 0, 'Free', '2023-09-06', NULL, 0, 0, 1, 1, 1, 1, 1, 0, 0, 1, 0, 0, 1, '2023-09-06 03:59:07', '2023-09-06 03:59:07'),
(168, '1693990730$scarlett93@example.org', 'Kayla', 'Tillman', 'wuckert.francisco', 'eldridge73@example.com', '$2y$10$x/F6rBtvUutGf4.LVPnUguKxAte0XAWXgp6JIkHN3GuTyxxIq0aVG', '2023-09-06 03:58:50', 'Sugar Baby (Trans)', 'Sugar Baby (Mujer/Women)', 1, '1994-03-10', 63, 188.00, 124.00, 3, 1, 'Marianville', 'Nebraska', '44616', 'Falkland Islands (Malvinas)', '85097 Edgar Viaduct Apt. 480\nLindbury, UT 48961', 'America/Grenada', 0, 'Culpa delectus beatae numquam beatae voluptas eos qui. Molestiae corporis dolorum tempora consequatur. Quos ut magnam maiores iure. Mollitia provident eos aspernatur.', '25.369629', '-156.146891', NULL, '2023-09-06 08:58:50', 0, 'Free', '2023-09-06', NULL, 0, 1, 1, 1, 1, 0, 0, 0, 1, 0, 1, 1, 0, '2023-09-06 03:59:07', '2023-09-06 03:59:07'),
(169, '1693990730$hattie.pacocha@example.net', 'Alexander', 'Funk', 'beverly.dach', 'walker.magali@example.net', '$2y$10$eX6/67CnJykFvw8AuLd5QOpQCTZsj5/gr1M9gWSDBT7xh9qm6OG9m', '2023-09-06 03:58:50', 'Sugar Baby (Hombre/Man)', 'Sugar Daddy Mommy', 0, '1998-01-05', 35, 160.00, 143.00, 0, 5, 'Rosaliashire', 'Missouri', '30493', 'Kuwait', '9731 Schimmel Gateway Suite 433\nPort Hollie, DC 34258', 'Asia/Qostanay', 1, 'Non dolores optio dolorem ut dignissimos similique soluta. Quidem ullam quibusdam maiores. Minima quam et provident qui dolorem cumque hic in. Quia provident mollitia culpa sed doloribus repellat laborum.', '-82.668877', '-70.062159', NULL, '2023-09-06 08:58:50', 0, 'Free', '2023-09-06', NULL, 0, 1, 1, 1, 1, 0, 1, 0, 1, 0, 0, 0, 1, '2023-09-06 03:59:07', '2023-09-06 03:59:07'),
(170, '1693990730$bradford74@example.org', 'Madelynn', 'Toy', 'colten.stracke', 'umitchell@example.net', '$2y$10$Yw3pKuP82xT9ptrA0q/D1eROW0kcJqqc.E6hs59DFgzLForjiuKfi', '2023-09-06 03:58:50', 'Sugar Daddy Mommy', 'Sugar Mommy', 1, '2009-02-15', 57, 181.00, 141.00, 0, 5, 'East Meda', 'Rhode Island', '36744-0373', 'Guinea', '79255 Freida Ports\nHattieshire, OK 61926', 'Asia/Dubai', 0, 'Quaerat ipsum eligendi impedit tenetur. Vitae et sit dignissimos et nihil non autem. Esse delectus quia necessitatibus distinctio qui eos dolor.', '83.975573', '65.730052', NULL, '2023-09-06 08:58:50', 0, 'Free', '2023-09-06', NULL, 0, 0, 0, 1, 1, 0, 1, 0, 1, 1, 0, 0, 0, '2023-09-06 03:59:07', '2023-09-06 03:59:07');

-- --------------------------------------------------------

--
-- Table structure for table `websockets_statistics_entries`
--

CREATE TABLE `websockets_statistics_entries` (
  `id` int(10) UNSIGNED NOT NULL,
  `app_id` varchar(255) NOT NULL,
  `peak_connection_count` int(11) NOT NULL,
  `websocket_message_count` int(11) NOT NULL,
  `api_message_count` int(11) NOT NULL,
  `created_at` timestamp NULL DEFAULT NULL,
  `updated_at` timestamp NULL DEFAULT NULL
) ENGINE=InnoDB DEFAULT CHARSET=utf8mb4 COLLATE=utf8mb4_unicode_ci;

--
-- Indexes for dumped tables
--

--
-- Indexes for table `admins`
--
ALTER TABLE `admins`
  ADD PRIMARY KEY (`id`),
  ADD UNIQUE KEY `admins_email_unique` (`email`);

--
-- Indexes for table `chats`
--
ALTER TABLE `chats`
  ADD PRIMARY KEY (`id`),
  ADD KEY `chats_chat_contact_id_foreign` (`chat_contact_id`),
  ADD KEY `chats_sender_id_foreign` (`sender_id`),
  ADD KEY `chats_receiver_id_foreign` (`receiver_id`);

--
-- Indexes for table `chat_contacts`
--
ALTER TABLE `chat_contacts`
  ADD PRIMARY KEY (`id`);

--
-- Indexes for table `failed_jobs`
--
ALTER TABLE `failed_jobs`
  ADD PRIMARY KEY (`id`),
  ADD UNIQUE KEY `failed_jobs_uuid_unique` (`uuid`);

--
-- Indexes for table `jobs`
--
ALTER TABLE `jobs`
  ADD PRIMARY KEY (`id`),
  ADD KEY `jobs_queue_index` (`queue`);

--
-- Indexes for table `migrations`
--
ALTER TABLE `migrations`
  ADD PRIMARY KEY (`id`);

--
-- Indexes for table `password_resets`
--
ALTER TABLE `password_resets`
  ADD KEY `password_resets_email_index` (`email`);

--
-- Indexes for table `password_reset_tokens`
--
ALTER TABLE `password_reset_tokens`
  ADD PRIMARY KEY (`email`);

--
-- Indexes for table `personal_access_tokens`
--
ALTER TABLE `personal_access_tokens`
  ADD PRIMARY KEY (`id`),
  ADD UNIQUE KEY `personal_access_tokens_token_unique` (`token`),
  ADD KEY `personal_access_tokens_tokenable_type_tokenable_id_index` (`tokenable_type`,`tokenable_id`);

--
-- Indexes for table `profile_change_logs`
--
ALTER TABLE `profile_change_logs`
  ADD PRIMARY KEY (`id`),
  ADD KEY `profile_change_logs_user_id_foreign` (`user_id`);

--
-- Indexes for table `users`
--
ALTER TABLE `users`
  ADD PRIMARY KEY (`id`),
  ADD UNIQUE KEY `users_unique_id_unique` (`unique_id`),
  ADD UNIQUE KEY `users_username_unique` (`username`),
  ADD UNIQUE KEY `users_email_unique` (`email`);

--
-- Indexes for table `websockets_statistics_entries`
--
ALTER TABLE `websockets_statistics_entries`
  ADD PRIMARY KEY (`id`);

--
-- AUTO_INCREMENT for dumped tables
--

--
-- AUTO_INCREMENT for table `admins`
--
ALTER TABLE `admins`
  MODIFY `id` bigint(20) UNSIGNED NOT NULL AUTO_INCREMENT, AUTO_INCREMENT=2;

--
-- AUTO_INCREMENT for table `chats`
--
ALTER TABLE `chats`
  MODIFY `id` bigint(20) UNSIGNED NOT NULL AUTO_INCREMENT, AUTO_INCREMENT=26;

--
-- AUTO_INCREMENT for table `chat_contacts`
--
ALTER TABLE `chat_contacts`
  MODIFY `id` bigint(20) UNSIGNED NOT NULL AUTO_INCREMENT, AUTO_INCREMENT=5;

--
-- AUTO_INCREMENT for table `failed_jobs`
--
ALTER TABLE `failed_jobs`
  MODIFY `id` bigint(20) UNSIGNED NOT NULL AUTO_INCREMENT;

--
-- AUTO_INCREMENT for table `jobs`
--
ALTER TABLE `jobs`
  MODIFY `id` bigint(20) UNSIGNED NOT NULL AUTO_INCREMENT, AUTO_INCREMENT=26;

--
-- AUTO_INCREMENT for table `migrations`
--
ALTER TABLE `migrations`
  MODIFY `id` int(10) UNSIGNED NOT NULL AUTO_INCREMENT, AUTO_INCREMENT=12;

--
-- AUTO_INCREMENT for table `personal_access_tokens`
--
ALTER TABLE `personal_access_tokens`
  MODIFY `id` bigint(20) UNSIGNED NOT NULL AUTO_INCREMENT;

--
-- AUTO_INCREMENT for table `profile_change_logs`
--
ALTER TABLE `profile_change_logs`
  MODIFY `id` bigint(20) UNSIGNED NOT NULL AUTO_INCREMENT, AUTO_INCREMENT=3;

--
-- AUTO_INCREMENT for table `users`
--
ALTER TABLE `users`
  MODIFY `id` bigint(20) UNSIGNED NOT NULL AUTO_INCREMENT, AUTO_INCREMENT=171;

--
-- AUTO_INCREMENT for table `websockets_statistics_entries`
--
ALTER TABLE `websockets_statistics_entries`
  MODIFY `id` int(10) UNSIGNED NOT NULL AUTO_INCREMENT;

--
-- Constraints for dumped tables
--

--
-- Constraints for table `chats`
--
ALTER TABLE `chats`
  ADD CONSTRAINT `chats_chat_contact_id_foreign` FOREIGN KEY (`chat_contact_id`) REFERENCES `chat_contacts` (`id`) ON DELETE CASCADE,
  ADD CONSTRAINT `chats_receiver_id_foreign` FOREIGN KEY (`receiver_id`) REFERENCES `users` (`id`) ON DELETE CASCADE,
  ADD CONSTRAINT `chats_sender_id_foreign` FOREIGN KEY (`sender_id`) REFERENCES `users` (`id`) ON DELETE CASCADE;

--
-- Constraints for table `profile_change_logs`
--
ALTER TABLE `profile_change_logs`
  ADD CONSTRAINT `profile_change_logs_user_id_foreign` FOREIGN KEY (`user_id`) REFERENCES `users` (`id`) ON DELETE CASCADE;
COMMIT;

/*!40101 SET CHARACTER_SET_CLIENT=@OLD_CHARACTER_SET_CLIENT */;
/*!40101 SET CHARACTER_SET_RESULTS=@OLD_CHARACTER_SET_RESULTS */;
/*!40101 SET COLLATION_CONNECTION=@OLD_COLLATION_CONNECTION */;
